id,year,state_name,county_name,state_ansi,county_ansi,county_fips,crop,crop_class,measurement_type,measurement_units,value
2134195,2015,NEBRASKA,CHASE,31,029,31029,WHEAT,WINTER,YIELD,BU / ACRE,75
1690615,1997,INDIANA,WELLS,18,179,18179,SOYBEANS,ALL CLASSES,AREA HARVESTED,ACRES,89400
2074707,2013,ILLINOIS,EDWARDS,17,047,17047,WHEAT,WINTER,YIELD,BU / ACRE,70
2374293,2010,KANSAS,GREELEY,20,071,20071,CORN,ALL CLASSES,AREA HARVESTED,ACRES,36000
2431698,2000,KANSAS,LABETTE,20,099,20099,CORN,ALL CLASSES,PRODUCTION,BU,805000
1894884,1990,WYOMING,FREMONT,56,013,56013,WHEAT,"SPRING, (EXCL DURUM)",AREA PLANTED,ACRES,300
2446514,2014,NEBRASKA,OTOE,31,131,31131,CORN,ALL CLASSES,PRODUCTION,BU,21074000
2096469,2007,OHIO,KNOX,39,083,39083,WHEAT,WINTER,YIELD,BU / ACRE,60.1
2081165,1991,KENTUCKY,SIMPSON,21,213,21213,WHEAT,WINTER,YIELD,BU / ACRE,39
2512541,2014,ILLINOIS,CHRISTIAN,17,021,17021,CORN,ALL CLASSES,YIELD,BU / ACRE,217.8
2421095,1991,ILLINOIS,GRUNDY,17,063,17063,CORN,ALL CLASSES,PRODUCTION,BU,7798800
1985518,1994,IOWA,VAN BUREN,19,177,19177,WHEAT,WINTER,AREA PLANTED,ACRES,3100
1761948,1994,OHIO,CHAMPAIGN,39,021,39021,SOYBEANS,ALL CLASSES,AREA PLANTED,ACRES,69500
2326343,1996,KANSAS,GRAHAM,20,065,20065,SOYBEANS,ALL CLASSES,YIELD,BU / ACRE,35
2557391,2008,VIRGINIA,MECKLENBURG,51,117,51117,CORN,ALL CLASSES,YIELD,BU / ACRE,51
1781547,1990,INDIANA,ST. JOSEPH,18,141,18141,SOYBEANS,ALL CLASSES,PRODUCTION,BU,1670900
2060578,1999,TEXAS,SHACKELFORD,48,417,48417,WHEAT,WINTER,PRODUCTION,BU,308000
1861064,1991,NORTH DAKOTA,MCKENZIE,38,053,38053,WHEAT,"SPRING, DURUM",YIELD,BU / ACRE,30.9
2202361,1990,IDAHO,IDAHO,16,049,16049,WHEAT,WINTER,AREA HARVESTED,ACRES,13500
2360691,2014,ARKANSAS,GREENE,05,055,05055,CORN,ALL CLASSES,AREA HARVESTED,ACRES,15900
2447468,1994,NEW YORK,NIAGARA,36,063,36063,CORN,ALL CLASSES,PRODUCTION,BU,3022200
2196933,1993,SOUTH DAKOTA,OGLALA LAKOTA,46,102,46102,WHEAT,WINTER,PRODUCTION,BU,926700
1938640,1992,INDIANA,WARRICK,18,173,18173,WHEAT,WINTER,AREA HARVESTED,ACRES,5200
2456242,2003,PENNSYLVANIA,INDIANA,42,063,42063,CORN,ALL CLASSES,PRODUCTION,BU,1466700
2287947,2005,MISSISSIPPI,WEBSTER,28,155,28155,COTTON,UPLAND,YIELD,LB / ACRE,817
2520753,2013,KANSAS,RUSH,20,165,20165,CORN,ALL CLASSES,YIELD,BU / ACRE,111.8
2336758,2012,MISSISSIPPI,ITAWAMBA,28,057,28057,SOYBEANS,ALL CLASSES,YIELD,BU / ACRE,42.3
2551698,1991,TENNESSEE,MAURY,47,119,47119,CORN,ALL CLASSES,YIELD,BU / ACRE,92
1942216,1996,KANSAS,CHEROKEE,20,021,20021,WHEAT,WINTER,AREA HARVESTED,ACRES,92900
2068145,2004,CALIFORNIA,CONTRA COSTA,06,013,06013,WHEAT,WINTER,YIELD,BU / ACRE,47.5
1939734,2002,KANSAS,SHERMAN,20,181,20181,WHEAT,WINTER,AREA HARVESTED,ACRES,138900
2048921,1995,NORTH DAKOTA,ADAMS,38,001,38001,WHEAT,WINTER,PRODUCTION,BU,12000
1771083,2006,VIRGINIA,CHESTERFIELD,51,041,51041,SOYBEANS,ALL CLASSES,AREA PLANTED,ACRES,1800
1660641,2003,TEXAS,NOLAN,48,353,48353,COTTON,UPLAND,AREA PLANTED,ACRES,2400
2319505,2003,ILLINOIS,MORGAN,17,137,17137,SOYBEANS,ALL CLASSES,YIELD,BU / ACRE,48
1655988,1993,ARKANSAS,LAFAYETTE,05,073,05073,COTTON,UPLAND,AREA HARVESTED,ACRES,4800
2494795,1992,KANSAS,COWLEY,20,035,20035,CORN,ALL CLASSES,PRODUCTION,BU,140000
1975315,1996,ARKANSAS,YELL,05,149,05149,WHEAT,WINTER,AREA PLANTED,ACRES,6000
2201750,1990,TEXAS,STONEWALL,48,433,48433,WHEAT,WINTER,YIELD,BU / ACRE,27.3
2371458,1991,IOWA,SIOUX,19,167,19167,CORN,ALL CLASSES,AREA HARVESTED,ACRES,232800
2525569,2005,MARYLAND,CARROLL,24,013,24013,CORN,ALL CLASSES,YIELD,BU / ACRE,130.8
2340398,2018,NEBRASKA,BOONE,31,011,31011,SOYBEANS,ALL CLASSES,YIELD,BU / ACRE,64
2002926,1990,NORTH DAKOTA,ADAMS,38,001,38001,WHEAT,WINTER,AREA PLANTED,ACRES,20000
1933410,2006,GEORGIA,TIFT,13,277,13277,WHEAT,WINTER,AREA HARVESTED,ACRES,300
1908680,1994,MONTANA,MADISON,30,057,30057,WHEAT,"SPRING, (EXCL DURUM)",PRODUCTION,BU,101000
2322665,2013,INDIANA,GIBSON,18,051,18051,SOYBEANS,ALL CLASSES,YIELD,BU / ACRE,48.3
1867580,2015,MINNESOTA,SWIFT,27,151,27151,WHEAT,"SPRING, (EXCL DURUM)",AREA HARVESTED,ACRES,9110
1777804,1994,GEORGIA,LANIER,13,173,13173,SOYBEANS,ALL CLASSES,PRODUCTION,BU,66000
2350873,2003,PENNSYLVANIA,BERKS,42,011,42011,SOYBEANS,ALL CLASSES,YIELD,BU / ACRE,44
1778861,1999,ILLINOIS,FULTON,17,057,17057,SOYBEANS,ALL CLASSES,PRODUCTION,BU,5913000
2223845,1990,OKLAHOMA,COTTON,40,033,40033,WHEAT,WINTER,YIELD,BU / ACRE,31.8
1655056,2001,TEXAS,TRAVIS,48,453,48453,COTTON,UPLAND,PRODUCTION,480 LB BALES,1900
2358530,1990,WISCONSIN,WOOD,55,141,55141,SOYBEANS,ALL CLASSES,YIELD,BU / ACRE,41
1928235,1995,OREGON,GILLIAM,41,021,41021,WHEAT,"SPRING, (EXCL DURUM)",YIELD,BU / ACRE,35
2063513,2010,VIRGINIA,CHARLES CITY,51,036,51036,WHEAT,WINTER,PRODUCTION,BU,230000
2520069,2012,KANSAS,HASKELL,20,081,20081,CORN,ALL CLASSES,YIELD,BU / ACRE,189.5
1820648,1998,KANSAS,GRANT,20,067,20067,SOYBEANS,ALL CLASSES,AREA HARVESTED,ACRES,800
1848954,1992,KANSAS,MIAMI,20,121,20121,SOYBEANS,ALL CLASSES,YIELD,BU / ACRE,38
2200235,1991,NEBRASKA,COLFAX,31,037,31037,WHEAT,WINTER,YIELD,BU / ACRE,33
2307944,1991,NORTH DAKOTA,NELSON,38,063,38063,WHEAT,"SPRING, (EXCL DURUM)",YIELD,BU / ACRE,35
1616190,2010,NEBRASKA,OTOE,31,131,31131,CORN,ALL CLASSES,AREA PLANTED,ACRES,120000
2580881,2004,NEBRASKA,KEITH,31,101,31101,CORN,ALL CLASSES,AREA HARVESTED,ACRES,1200
2036000,2000,KENTUCKY,NICHOLAS,21,181,21181,WHEAT,WINTER,PRODUCTION,BU,27500
2588737,1997,NEBRASKA,THAYER,31,169,31169,CORN,ALL CLASSES,AREA PLANTED,ACRES,96000
1632397,2012,ALABAMA,DALE,01,045,01045,COTTON,UPLAND,AREA PLANTED,ACRES,13700
2155489,1990,OKLAHOMA,ROGER MILLS,40,129,40129,WHEAT,WINTER,AREA PLANTED,ACRES,74400
2407087,2009,TENNESSEE,MONROE,47,123,47123,CORN,ALL CLASSES,AREA HARVESTED,ACRES,800
2130651,1998,UTAH,IRON,49,021,49021,WHEAT,WINTER,PRODUCTION,BU,5000
1715738,2003,OHIO,ASHLAND,39,005,39005,SOYBEANS,ALL CLASSES,AREA HARVESTED,ACRES,31000
2196795,1992,SOUTH DAKOTA,CLARK,46,025,46025,WHEAT,WINTER,PRODUCTION,BU,201300
2329002,2019,KENTUCKY,FULTON,21,075,21075,SOYBEANS,ALL CLASSES,YIELD,BU / ACRE,48
1936469,1999,ILLINOIS,PULASKI,17,153,17153,WHEAT,WINTER,AREA HARVESTED,ACRES,6400
2062086,1994,TEXAS,UPTON,48,461,48461,WHEAT,WINTER,PRODUCTION,BU,9000
1694262,2010,IOWA,CLINTON,19,045,19045,SOYBEANS,ALL CLASSES,AREA HARVESTED,ACRES,111000
1933022,1996,GEORGIA,SEMINOLE,13,253,13253,WHEAT,WINTER,AREA HARVESTED,ACRES,4100
1636552,2013,MISSISSIPPI,HUMPHREYS,28,053,28053,COTTON,UPLAND,AREA PLANTED,ACRES,8800
2473418,2010,NEBRASKA,KEARNEY,31,099,31099,CORN,ALL CLASSES,AREA HARVESTED,ACRES,134300
1833181,1991,NEBRASKA,HOLT,31,089,31089,SOYBEANS,ALL CLASSES,YIELD,BU / ACRE,48
2121158,1990,MONTANA,PHILLIPS,30,071,30071,WHEAT,WINTER,AREA PLANTED,ACRES,1000
1723543,1992,TENNESSEE,RUTHERFORD,47,149,47149,SOYBEANS,ALL CLASSES,AREA HARVESTED,ACRES,5700
1870864,1996,NORTH DAKOTA,LOGAN,38,047,38047,WHEAT,"SPRING, (EXCL DURUM)",AREA HARVESTED,ACRES,143000
2261519,1993,NORTH CAROLINA,CABARRUS,37,025,37025,CORN,ALL CLASSES,AREA PLANTED,ACRES,3000
2409791,2006,TEXAS,STARR,48,427,48427,CORN,ALL CLASSES,AREA HARVESTED,ACRES,700
2581376,1991,NORTH DAKOTA,PIERCE,38,069,38069,CORN,ALL CLASSES,AREA HARVESTED,ACRES,100
1704735,2015,MINNESOTA,ROCK,27,133,27133,SOYBEANS,ALL CLASSES,AREA HARVESTED,ACRES,106600
1735492,1993,INDIANA,JASPER,18,073,18073,SOYBEANS,ALL CLASSES,AREA PLANTED,ACRES,99300
2231719,1990,GEORGIA,LOWNDES,13,185,13185,CORN,ALL CLASSES,AREA PLANTED,ACRES,8000
1986019,1993,KANSAS,CLARK,20,025,20025,WHEAT,WINTER,AREA PLANTED,ACRES,97000
2582256,1995,NEBRASKA,DAKOTA,31,043,31043,CORN,ALL CLASSES,AREA HARVESTED,ACRES,700
1997659,2001,NEBRASKA,CUSTER,31,041,31041,WHEAT,WINTER,AREA PLANTED,ACRES,9200
2126954,2007,KANSAS,MCPHERSON,20,113,20113,WHEAT,WINTER,PRODUCTION,BU,63000
1729065,1992,ALABAMA,MONTGOMERY,01,101,01101,SOYBEANS,ALL CLASSES,AREA PLANTED,ACRES,2600
1900970,2000,MONTANA,CARBON,30,009,30009,WHEAT,"SPRING, (EXCL DURUM)",AREA HARVESTED,ACRES,1100
2114655,1997,KANSAS,BARBER,20,007,20007,WHEAT,WINTER,AREA HARVESTED,ACRES,1600
1989729,1990,KENTUCKY,CLARK,21,049,21049,WHEAT,WINTER,AREA PLANTED,ACRES,3000
1936847,1993,ILLINOIS,WAYNE,17,191,17191,WHEAT,WINTER,AREA HARVESTED,ACRES,40000
2383815,2004,MINNESOTA,KANABEC,27,065,27065,CORN,ALL CLASSES,AREA HARVESTED,ACRES,13300
2002528,2008,NORTH DAKOTA,CAVALIER,38,019,38019,WHEAT,WINTER,AREA PLANTED,ACRES,26100
1824586,2003,KANSAS,CLAY,20,027,20027,SOYBEANS,ALL CLASSES,AREA PLANTED,ACRES,5900
2501138,1992,NEBRASKA,WHEELER,31,183,31183,CORN,ALL CLASSES,YIELD,BU / ACRE,80
2014827,2013,TEXAS,CORYELL,48,099,48099,WHEAT,WINTER,AREA PLANTED,ACRES,20600
1831684,1994,ARKANSAS,LONOKE,05,085,05085,SOYBEANS,ALL CLASSES,YIELD,BU / ACRE,38.9
1887174,2014,NORTH DAKOTA,DICKEY,38,021,38021,WHEAT,"SPRING, (EXCL DURUM)",PRODUCTION,BU,909000
2230064,1994,GEORGIA,DAWSON,13,085,13085,CORN,ALL CLASSES,AREA PLANTED,ACRES,600
2534141,2000,MONTANA,DAWSON,30,021,30021,CORN,ALL CLASSES,YIELD,BU / ACRE,140
1724303,2002,TEXAS,HALE,48,189,48189,SOYBEANS,ALL CLASSES,AREA HARVESTED,ACRES,6700
2503383,2000,NORTH DAKOTA,EMMONS,38,029,38029,CORN,ALL CLASSES,YIELD,BU / ACRE,94.8
2194826,1995,KANSAS,BARBER,20,007,20007,WHEAT,WINTER,PRODUCTION,BU,161000
2147666,1999,TEXAS,KENDALL,48,259,48259,WHEAT,WINTER,AREA HARVESTED,ACRES,600
1945026,2000,MARYLAND,WICOMICO,24,045,24045,WHEAT,WINTER,AREA HARVESTED,ACRES,6400
2426830,2009,IOWA,WRIGHT,19,197,19197,CORN,ALL CLASSES,PRODUCTION,BU,32221000
2127226,2007,KANSAS,STAFFORD,20,185,20185,WHEAT,WINTER,PRODUCTION,BU,496000
1626625,2000,OKLAHOMA,ROGER MILLS,40,129,40129,COTTON,UPLAND,AREA HARVESTED,ACRES,1300
2020337,2011,WYOMING,CAMPBELL,56,005,56005,WHEAT,WINTER,AREA PLANTED,ACRES,6500
2470393,1991,KANSAS,KEARNY,20,093,20093,CORN,ALL CLASSES,AREA HARVESTED,ACRES,31500
2181330,2002,TEXAS,HUTCHINSON,48,233,48233,WHEAT,WINTER,YIELD,BU / ACRE,15
2369700,1994,INDIANA,DECATUR,18,031,18031,CORN,ALL CLASSES,AREA HARVESTED,ACRES,100000
1960781,2017,OKLAHOMA,WAGONER,40,145,40145,WHEAT,WINTER,AREA HARVESTED,ACRES,9200
2477648,2015,NEBRASKA,SHERIDAN,31,161,31161,CORN,ALL CLASSES,PRODUCTION,BU,3919000
1932773,1997,GEORGIA,BAKER,13,007,13007,WHEAT,WINTER,AREA HARVESTED,ACRES,2500
2354627,1990,TENNESSEE,COFFEE,47,031,47031,SOYBEANS,ALL CLASSES,YIELD,BU / ACRE,21
1972283,2011,WASHINGTON,SKAGIT,53,057,53057,WHEAT,WINTER,AREA HARVESTED,ACRES,2700
1952967,2006,NEBRASKA,THAYER,31,169,31169,WHEAT,WINTER,AREA HARVESTED,ACRES,32700
2346818,2011,OHIO,RICHLAND,39,139,39139,SOYBEANS,ALL CLASSES,YIELD,BU / ACRE,45.4
2460555,1994,TENNESSEE,HENRY,47,079,47079,CORN,ALL CLASSES,PRODUCTION,BU,3565000
1767693,1990,TENNESSEE,LAKE,47,095,47095,SOYBEANS,ALL CLASSES,AREA PLANTED,ACRES,66000
2204621,2005,MONTANA,FERGUS,30,027,30027,WHEAT,WINTER,AREA HARVESTED,ACRES,38400
2023824,1996,GEORGIA,WALTON,13,297,13297,WHEAT,WINTER,PRODUCTION,BU,28000
1964054,1996,SOUTH DAKOTA,CODINGTON,46,029,46029,WHEAT,WINTER,AREA HARVESTED,ACRES,2400
1955344,2018,NORTH CAROLINA,GATES,37,073,37073,WHEAT,WINTER,AREA HARVESTED,ACRES,5520
1894956,2000,COLORADO,LARIMER,08,069,08069,WHEAT,"SPRING, (EXCL DURUM)",PRODUCTION,BU,67000
1885716,1995,MONTANA,CARTER,30,011,30011,WHEAT,"SPRING, (EXCL DURUM)",PRODUCTION,BU,630000
1914701,2006,UTAH,BOX ELDER,49,003,49003,WHEAT,"SPRING, (EXCL DURUM)",YIELD,BU / ACRE,11
2255187,2005,MISSOURI,JASPER,29,097,29097,CORN,ALL CLASSES,AREA PLANTED,ACRES,24600
2142200,2006,NEBRASKA,DUNDY,31,057,31057,WHEAT,WINTER,AREA HARVESTED,ACRES,27400
1851245,2013,ARIZONA,LAPAZ,04,012,04012,WHEAT,"SPRING, DURUM",AREA HARVESTED,ACRES,10800
2042338,1990,MONTANA,DANIELS,30,019,30019,WHEAT,WINTER,PRODUCTION,BU,177000
2239545,2004,IOWA,JASPER,19,099,19099,CORN,ALL CLASSES,AREA PLANTED,ACRES,161000
2539019,2016,NORTH CAROLINA,WILKES,37,193,37193,CORN,ALL CLASSES,YIELD,BU / ACRE,132
2484328,1994,NEBRASKA,DAWSON,31,047,31047,CORN,ALL CLASSES,YIELD,BU / ACRE,168
2143158,1990,NORTH DAKOTA,GRIGGS,38,039,38039,WHEAT,WINTER,AREA HARVESTED,ACRES,1500
2197908,1992,COLORADO,KIOWA,08,061,08061,WHEAT,WINTER,YIELD,BU / ACRE,25
2361220,2006,ARKANSAS,LAFAYETTE,05,073,05073,CORN,ALL CLASSES,AREA HARVESTED,ACRES,5300
1938614,2008,INDIANA,VANDERBURGH,18,163,18163,WHEAT,WINTER,AREA HARVESTED,ACRES,12800
1780515,1997,ILLINOIS,PERRY,17,145,17145,SOYBEANS,ALL CLASSES,PRODUCTION,BU,2006400
2086135,1995,MISSOURI,MACON,29,121,29121,WHEAT,WINTER,YIELD,BU / ACRE,39.6
2104268,1990,TENNESSEE,MARION,47,115,47115,WHEAT,WINTER,YIELD,BU / ACRE,34
1947794,2000,MISSOURI,RAY,29,177,29177,WHEAT,WINTER,AREA HARVESTED,ACRES,5800
2132491,2006,KANSAS,GOVE,20,063,20063,WHEAT,WINTER,YIELD,BU / ACRE,44
2026436,1992,IDAHO,FRANKLIN,16,041,16041,WHEAT,WINTER,PRODUCTION,BU,760100
2047047,2017,NORTH CAROLINA,CLEVELAND,37,045,37045,WHEAT,WINTER,PRODUCTION,BU,493000
2361854,2001,CALIFORNIA,TULARE,06,107,06107,CORN,ALL CLASSES,AREA HARVESTED,ACRES,7500
1878523,1994,ARIZONA,PINAL,04,021,04021,WHEAT,WINTER,AREA HARVESTED,ACRES,2700
2449395,1992,NORTH CAROLINA,ROWAN,37,159,37159,CORN,ALL CLASSES,PRODUCTION,BU,293000
2567634,1998,MINNESOTA,FILLMORE,27,045,27045,CORN,ALL CLASSES,AREA HARVESTED,ACRES,11000
2329631,2006,KENTUCKY,ADAIR,21,001,21001,SOYBEANS,ALL CLASSES,YIELD,BU / ACRE,46
1760707,2012,NORTH DAKOTA,STEELE,38,091,38091,SOYBEANS,ALL CLASSES,AREA PLANTED,ACRES,161000
1850893,2006,TEXAS,HUNT,48,231,48231,SOYBEANS,ALL CLASSES,YIELD,BU / ACRE,10
1726688,2010,WISCONSIN,BURNETT,55,013,55013,SOYBEANS,ALL CLASSES,AREA HARVESTED,ACRES,5900
1662845,2005,TEXAS,MARTIN,48,317,48317,COTTON,UPLAND,PRODUCTION,480 LB BALES,22000
1741618,1995,KANSAS,CLOUD,20,029,20029,SOYBEANS,ALL CLASSES,AREA PLANTED,ACRES,16900
2412276,2011,WEST VIRGINIA,PENDLETON,54,071,54071,CORN,ALL CLASSES,AREA HARVESTED,ACRES,1900
2553525,2006,TEXAS,DENTON,48,121,48121,CORN,ALL CLASSES,YIELD,BU / ACRE,27
2162153,1992,IDAHO,BINGHAM,16,011,16011,WHEAT,WINTER,PRODUCTION,BU,53400
1945474,1995,MICHIGAN,GLADWIN,26,051,26051,WHEAT,WINTER,AREA HARVESTED,ACRES,2450
1796536,2011,OHIO,ROSS,39,141,39141,SOYBEANS,ALL CLASSES,PRODUCTION,BU,2917000
2270421,2008,SOUTH CAROLINA,ALLENDALE,45,005,45005,CORN,ALL CLASSES,AREA PLANTED,ACRES,11700
2583209,1993,NORTH DAKOTA,BOTTINEAU,38,009,38009,CORN,ALL CLASSES,AREA HARVESTED,ACRES,1400
1728932,2007,ALABAMA,TALLADEGA,01,121,01121,SOYBEANS,ALL CLASSES,AREA PLANTED,ACRES,3800
2385821,2010,MISSISSIPPI,MONROE,28,095,28095,CORN,ALL CLASSES,AREA HARVESTED,ACRES,14200
2169798,2006,TEXAS,GLASSCOCK,48,173,48173,WHEAT,WINTER,PRODUCTION,BU,44000
1811996,2002,SOUTH CAROLINA,LEE,45,061,45061,SOYBEANS,ALL CLASSES,PRODUCTION,BU,467400
2421552,1995,ILLINOIS,DE WITT,17,039,17039,CORN,ALL CLASSES,PRODUCTION,BU,11033100
1927585,2000,MONTANA,MUSSELSHELL,30,065,30065,WHEAT,"SPRING, (EXCL DURUM)",YIELD,BU / ACRE,7
2022506,2008,CALIFORNIA,KINGS,06,031,06031,WHEAT,WINTER,PRODUCTION,BU,5324000
1811849,2000,SOUTH CAROLINA,AIKEN,45,003,45003,SOYBEANS,ALL CLASSES,PRODUCTION,BU,59900
2247921,1994,MICHIGAN,ALCONA,26,001,26001,CORN,ALL CLASSES,AREA PLANTED,ACRES,2000
1747738,2006,MICHIGAN,ARENAC,26,011,26011,SOYBEANS,ALL CLASSES,AREA PLANTED,ACRES,15000
1655240,2010,TEXAS,FORT BEND,48,157,48157,COTTON,UPLAND,PRODUCTION,480 LB BALES,49500
1772589,1993,WISCONSIN,MARINETTE,55,075,55075,SOYBEANS,ALL CLASSES,AREA PLANTED,ACRES,600
2049105,1991,NORTH DAKOTA,GRANT,38,037,38037,WHEAT,WINTER,PRODUCTION,BU,27100
2069018,2014,COLORADO,CHEYENNE,08,017,08017,WHEAT,WINTER,YIELD,BU / ACRE,24
2393508,2002,NORTH CAROLINA,CALDWELL,37,027,37027,CORN,ALL CLASSES,AREA HARVESTED,ACRES,650
2560145,1998,CALIFORNIA,SISKIYOU,06,093,06093,CORN,ALL CLASSES,AREA HARVESTED,ACRES,300
2577892,1994,WISCONSIN,OCONTO,55,083,55083,CORN,ALL CLASSES,AREA HARVESTED,ACRES,12200
1923750,1991,MONTANA,FLATHEAD,30,029,30029,WHEAT,"SPRING, (EXCL DURUM)",AREA PLANTED,ACRES,2000
2043854,2000,NEBRASKA,HOWARD,31,093,31093,WHEAT,WINTER,PRODUCTION,BU,45000
2418139,1999,GEORGIA,FLOYD,13,115,13115,CORN,ALL CLASSES,PRODUCTION,BU,264000
1877273,2000,MONTANA,BEAVERHEAD,30,001,30001,WHEAT,"SPRING, (EXCL DURUM)",AREA PLANTED,ACRES,6200
2036879,2011,MARYLAND,CECIL,24,015,24015,WHEAT,WINTER,PRODUCTION,BU,390000
2124551,1994,UTAH,IRON,49,021,49021,WHEAT,WINTER,AREA PLANTED,ACRES,200
2496722,1997,NEBRASKA,WEBSTER,31,181,31181,CORN,ALL CLASSES,PRODUCTION,BU,2865800
2268695,2013,PENNSYLVANIA,CLEARFIELD,42,033,42033,CORN,ALL CLASSES,AREA PLANTED,ACRES,7300
2156806,1991,SOUTH DAKOTA,HUGHES,46,065,46065,WHEAT,WINTER,AREA PLANTED,ACRES,69000
2053021,2002,OKLAHOMA,OKMULGEE,40,111,40111,WHEAT,WINTER,PRODUCTION,BU,131000
2038465,2008,MICHIGAN,GENESEE,26,049,26049,WHEAT,WINTER,PRODUCTION,BU,643500
1737355,2016,INDIANA,GREENE,18,055,18055,SOYBEANS,ALL CLASSES,AREA PLANTED,ACRES,51800
2017674,2007,VIRGINIA,KING GEORGE,51,099,51099,WHEAT,WINTER,AREA PLANTED,ACRES,1400
2207273,1995,TEXAS,ROCKWALL,48,397,48397,WHEAT,WINTER,AREA HARVESTED,ACRES,4000
1886406,2010,NORTH DAKOTA,DUNN,38,025,38025,WHEAT,"SPRING, (EXCL DURUM)",PRODUCTION,BU,5954000
2058506,1990,TENNESSEE,ROANE,47,145,47145,WHEAT,WINTER,PRODUCTION,BU,12800
2415537,1999,ALABAMA,PIKE,01,109,01109,CORN,ALL CLASSES,PRODUCTION,BU,331000
2194085,2004,KANSAS,NESS,20,135,20135,WHEAT,WINTER,PRODUCTION,BU,3578000
2300771,1993,TEXAS,REFUGIO,48,391,48391,COTTON,UPLAND,YIELD,LB / ACRE,509
2012661,1998,TEXAS,DALLAM,48,111,48111,WHEAT,WINTER,AREA PLANTED,ACRES,125000
1922743,1992,NORTH DAKOTA,MOUNTRAIL,38,061,38061,WHEAT,"SPRING, (EXCL DURUM)",AREA HARVESTED,ACRES,13100
2511197,2005,ILLINOIS,PUTNAM,17,155,17155,CORN,ALL CLASSES,YIELD,BU / ACRE,138
2124276,1994,TEXAS,UVALDE,48,463,48463,WHEAT,WINTER,AREA PLANTED,ACRES,5400
2143060,1991,NORTH DAKOTA,MERCER,38,057,38057,WHEAT,WINTER,AREA HARVESTED,ACRES,1000
1899660,1990,COLORADO,RIO BLANCO,08,103,08103,WHEAT,"SPRING, (EXCL DURUM)",AREA HARVESTED,ACRES,300
1722274,2010,SOUTH DAKOTA,DOUGLAS,46,043,46043,SOYBEANS,ALL CLASSES,AREA HARVESTED,ACRES,70500
1963875,1998,TENNESSEE,DYER,47,045,47045,WHEAT,WINTER,AREA HARVESTED,ACRES,40000
2186686,1992,MONTANA,MUSSELSHELL,30,065,30065,WHEAT,WINTER,AREA HARVESTED,ACRES,19100
2387860,1994,MISSOURI,FRANKLIN,29,071,29071,CORN,ALL CLASSES,AREA HARVESTED,ACRES,15600
2259369,1999,NEW YORK,LIVINGSTON,36,051,36051,CORN,ALL CLASSES,AREA PLANTED,ACRES,57200
1822856,2006,NEBRASKA,FURNAS,31,065,31065,SOYBEANS,ALL CLASSES,AREA HARVESTED,ACRES,19400
1843673,1999,ARKANSAS,PHILLIPS,05,107,05107,SOYBEANS,ALL CLASSES,PRODUCTION,BU,2060000
2454200,1998,OHIO,PIKE,39,131,39131,CORN,ALL CLASSES,PRODUCTION,BU,661200
2328276,1995,KANSAS,JOHNSON,20,091,20091,SOYBEANS,ALL CLASSES,YIELD,BU / ACRE,27
2114863,1997,KANSAS,SEDGWICK,20,173,20173,WHEAT,WINTER,AREA HARVESTED,ACRES,5100
2044292,2014,NEBRASKA,DUNDY,31,057,31057,WHEAT,WINTER,PRODUCTION,BU,1972000
2166325,1995,NEBRASKA,WEBSTER,31,181,31181,WHEAT,WINTER,PRODUCTION,BU,1486400
1927823,1994,MONTANA,PRAIRIE,30,079,30079,WHEAT,"SPRING, (EXCL DURUM)",YIELD,BU / ACRE,19
2264907,2001,OHIO,MEDINA,39,103,39103,CORN,ALL CLASSES,AREA PLANTED,ACRES,18700
2531013,2008,MISSISSIPPI,HOLMES,28,051,28051,CORN,ALL CLASSES,YIELD,BU / ACRE,131
2342762,2007,NEW YORK,CAYUGA,36,011,36011,SOYBEANS,ALL CLASSES,YIELD,BU / ACRE,41
2333409,2018,MICHIGAN,CASS,26,027,26027,SOYBEANS,ALL CLASSES,YIELD,BU / ACRE,49
2573649,2002,PENNSYLVANIA,JEFFERSON,42,065,42065,CORN,ALL CLASSES,AREA HARVESTED,ACRES,2600
1654669,1996,TEXAS,MCCULLOCH,48,307,48307,COTTON,UPLAND,PRODUCTION,480 LB BALES,3700
1846289,2009,NEBRASKA,GOSPER,31,073,31073,SOYBEANS,ALL CLASSES,PRODUCTION,BU,249900
1925456,1992,MONTANA,FLATHEAD,30,029,30029,WHEAT,"SPRING, (EXCL DURUM)",PRODUCTION,BU,127000
1857604,1990,CALIFORNIA,KERN,06,029,06029,WHEAT,"SPRING, DURUM",YIELD,BU / ACRE,102
2022955,1990,COLORADO,ADAMS,08,001,08001,WHEAT,WINTER,PRODUCTION,BU,4075000
2309705,2005,SOUTH DAKOTA,CAMPBELL,46,021,46021,WHEAT,"SPRING, (EXCL DURUM)",YIELD,BU / ACRE,37.6
2206779,1992,TEXAS,LYNN,48,305,48305,WHEAT,WINTER,AREA HARVESTED,ACRES,4800
1732710,1999,ILLINOIS,PUTNAM,17,155,17155,SOYBEANS,ALL CLASSES,AREA PLANTED,ACRES,30000
2401328,2016,PENNSYLVANIA,LAWRENCE,42,073,42073,CORN,ALL CLASSES,AREA HARVESTED,ACRES,15700
1653037,2013,TEXAS,HOWARD,48,227,48227,COTTON,UPLAND,PRODUCTION,480 LB BALES,30700
2537890,2001,NEW YORK,ONTARIO,36,069,36069,CORN,ALL CLASSES,YIELD,BU / ACRE,110
2001200,2008,NORTH CAROLINA,STANLY,37,167,37167,WHEAT,WINTER,AREA PLANTED,ACRES,13500
2273700,2016,TENNESSEE,COFFEE,47,031,47031,CORN,ALL CLASSES,AREA PLANTED,ACRES,21000
2546437,2002,PENNSYLVANIA,MCKEAN,42,083,42083,CORN,ALL CLASSES,YIELD,BU / ACRE,64
1902875,2000,SOUTH DAKOTA,FALL RIVER,46,047,46047,WHEAT,"SPRING, (EXCL DURUM)",AREA HARVESTED,ACRES,1000
1861407,1995,NORTH DAKOTA,SARGENT,38,081,38081,WHEAT,"SPRING, DURUM",YIELD,BU / ACRE,28.1
2243057,2004,KANSAS,GEARY,20,061,20061,CORN,ALL CLASSES,AREA PLANTED,ACRES,4800
2568157,1990,NEBRASKA,BOX BUTTE,31,013,31013,CORN,ALL CLASSES,AREA HARVESTED,ACRES,4300
2581979,1991,MONTANA,FALLON,30,025,30025,CORN,ALL CLASSES,AREA HARVESTED,ACRES,300
2129172,1995,OREGON,WALLOWA,41,063,41063,WHEAT,WINTER,PRODUCTION,BU,207900
1982981,2004,INDIANA,PULASKI,18,131,18131,WHEAT,WINTER,AREA PLANTED,ACRES,1800
1862541,1991,NORTH DAKOTA,HETTINGER,38,041,38041,WHEAT,"SPRING, DURUM",AREA PLANTED,ACRES,15300
2016393,2003,TEXAS,TRAVIS,48,453,48453,WHEAT,WINTER,AREA PLANTED,ACRES,7000
2051325,2015,OKLAHOMA,HARPER,40,059,40059,WHEAT,WINTER,PRODUCTION,BU,2005000
1628511,2010,TEXAS,SWISHER,48,437,48437,COTTON,UPLAND,AREA HARVESTED,ACRES,80500
1998189,2019,NEBRASKA,DUNDY,31,057,31057,WHEAT,WINTER,AREA PLANTED,ACRES,26300
1974322,2001,WYOMING,LARAMIE,56,021,56021,WHEAT,WINTER,AREA HARVESTED,ACRES,71000
2084859,1990,MINNESOTA,TRAVERSE,27,155,27155,WHEAT,WINTER,YIELD,BU / ACRE,25
2125715,2006,COLORADO,OTERO,08,089,08089,WHEAT,WINTER,PRODUCTION,BU,65000
2150847,1993,KANSAS,HAMILTON,20,075,20075,WHEAT,WINTER,AREA PLANTED,ACRES,156500
2123729,1996,TEXAS,BAILEY,48,017,48017,WHEAT,WINTER,AREA PLANTED,ACRES,9300
2054617,2008,PENNSYLVANIA,WESTMORELAND,42,129,42129,WHEAT,WINTER,PRODUCTION,BU,215400
1651556,1998,SOUTH CAROLINA,SALUDA,45,081,45081,COTTON,UPLAND,PRODUCTION,480 LB BALES,1500
1980532,1990,ILLINOIS,HENRY,17,073,17073,WHEAT,WINTER,AREA PLANTED,ACRES,5500
2250114,1990,MINNESOTA,YELLOW MEDICINE,27,173,27173,CORN,ALL CLASSES,AREA PLANTED,ACRES,161100
2078822,1999,KANSAS,DICKINSON,20,041,20041,WHEAT,WINTER,YIELD,BU / ACRE,42
2225836,1990,UTAH,BOX ELDER,49,003,49003,WHEAT,WINTER,YIELD,BU / ACRE,25.3
2533949,1992,MISSOURI,DUNKLIN,29,069,29069,CORN,ALL CLASSES,YIELD,BU / ACRE,158.1
2322150,1992,INDIANA,JOHNSON,18,081,18081,SOYBEANS,ALL CLASSES,YIELD,BU / ACRE,47.3
1702943,2011,MICHIGAN,LAPEER,26,087,26087,SOYBEANS,ALL CLASSES,AREA HARVESTED,ACRES,47800
2317693,2012,GEORGIA,BACON,13,005,13005,SOYBEANS,ALL CLASSES,YIELD,BU / ACRE,27.9
1619175,1990,TEXAS,UVALDE,48,463,48463,COTTON,PIMA,AREA HARVESTED,ACRES,3600
1836892,1993,KANSAS,WABAUNSEE,20,197,20197,SOYBEANS,ALL CLASSES,AREA HARVESTED,ACRES,12800
2019831,1993,WISCONSIN,WINNEBAGO,55,139,55139,WHEAT,WINTER,AREA PLANTED,ACRES,5500
1929932,1992,ARKANSAS,CLARK,05,019,05019,WHEAT,WINTER,AREA HARVESTED,ACRES,800
2143544,1990,OKLAHOMA,CADDO,40,015,40015,WHEAT,WINTER,AREA HARVESTED,ACRES,207400
1842014,2011,NEBRASKA,SEWARD,31,159,31159,SOYBEANS,ALL CLASSES,AREA PLANTED,ACRES,58200
2076884,2012,INDIANA,WASHINGTON,18,175,18175,WHEAT,WINTER,YIELD,BU / ACRE,56.7
1760312,2000,OHIO,DEFIANCE,39,039,39039,SOYBEANS,ALL CLASSES,AREA PLANTED,ACRES,90300
2124209,2018,TEXAS,MCCULLOCH,48,307,48307,WHEAT,WINTER,AREA PLANTED,ACRES,500
2179177,2000,OKLAHOMA,HARPER,40,059,40059,WHEAT,WINTER,YIELD,BU / ACRE,26.3
2001364,2003,NORTH CAROLINA,DARE,37,055,37055,WHEAT,WINTER,AREA PLANTED,ACRES,500
1661616,1996,LOUISIANA,NATCHITOCHES,22,069,22069,COTTON,UPLAND,PRODUCTION,480 LB BALES,800
2577993,1991,WISCONSIN,EAU CLAIRE,55,035,55035,CORN,ALL CLASSES,AREA HARVESTED,ACRES,5300
2217092,1991,NEBRASKA,KNOX,31,107,31107,WHEAT,WINTER,PRODUCTION,BU,25600
1709432,2001,NEBRASKA,ANTELOPE,31,003,31003,SOYBEANS,ALL CLASSES,AREA HARVESTED,ACRES,137000
2552446,1990,TENNESSEE,HAWKINS,47,073,47073,CORN,ALL CLASSES,YIELD,BU / ACRE,90
1749008,1992,MINNESOTA,ROSEAU,27,135,27135,SOYBEANS,ALL CLASSES,AREA PLANTED,ACRES,1600
2470057,1991,KANSAS,THOMAS,20,193,20193,CORN,ALL CLASSES,AREA HARVESTED,ACRES,57700
2512012,2013,ILLINOIS,MACON,17,115,17115,CORN,ALL CLASSES,YIELD,BU / ACRE,192.7
1855766,2002,NORTH DAKOTA,WILLIAMS,38,105,38105,WHEAT,"SPRING, DURUM",PRODUCTION,BU,9330000
1648949,1991,MISSISSIPPI,MADISON,28,089,28089,COTTON,UPLAND,PRODUCTION,480 LB BALES,64100
2479910,2000,NEW MEXICO,LUNA,35,029,35029,CORN,ALL CLASSES,PRODUCTION,BU,14900
2080377,1997,KANSAS,ELK,20,049,20049,WHEAT,WINTER,YIELD,BU / ACRE,45
2147897,2002,TEXAS,BEE,48,025,48025,WHEAT,WINTER,AREA HARVESTED,ACRES,1000
1706330,2015,MISSISSIPPI,RANKIN,28,121,28121,SOYBEANS,ALL CLASSES,AREA HARVESTED,ACRES,8000
2130565,1997,UTAH,JUAB,49,023,49023,WHEAT,WINTER,PRODUCTION,BU,90000
2564634,1997,KANSAS,WABAUNSEE,20,197,20197,CORN,ALL CLASSES,AREA HARVESTED,ACRES,1000
2397768,2004,OHIO,GEAUGA,39,055,39055,CORN,ALL CLASSES,AREA HARVESTED,ACRES,2800
2359847,1996,ALABAMA,TALLADEGA,01,121,01121,CORN,ALL CLASSES,AREA HARVESTED,ACRES,5900
2423581,2000,INDIANA,BENTON,18,007,18007,CORN,ALL CLASSES,PRODUCTION,BU,16212500
1766784,1996,SOUTH DAKOTA,CAMPBELL,46,021,46021,SOYBEANS,ALL CLASSES,AREA PLANTED,ACRES,1700
2482415,1997,KANSAS,REPUBLIC,20,157,20157,CORN,ALL CLASSES,YIELD,BU / ACRE,152
2222794,1999,MONTANA,GALLATIN,30,031,30031,WHEAT,WINTER,YIELD,BU / ACRE,50
2474800,2002,SOUTH DAKOTA,FALL RIVER,46,047,46047,CORN,ALL CLASSES,AREA HARVESTED,ACRES,1000
1629713,1995,TEXAS,ARCHER,48,009,48009,COTTON,UPLAND,AREA HARVESTED,ACRES,2600
1732982,1999,ILLINOIS,KANE,17,089,17089,SOYBEANS,ALL CLASSES,AREA PLANTED,ACRES,75000
2372242,1990,IOWA,CRAWFORD,19,047,19047,CORN,ALL CLASSES,AREA HARVESTED,ACRES,169700
1849697,1998,NEBRASKA,HALL,31,079,31079,SOYBEANS,ALL CLASSES,YIELD,BU / ACRE,36
2125477,2003,COLORADO,KIOWA,08,061,08061,WHEAT,WINTER,PRODUCTION,BU,100000
1634824,2018,GEORGIA,WEBSTER,13,307,13307,COTTON,UPLAND,AREA PLANTED,ACRES,10200
1836875,2001,KANSAS,SHAWNEE,20,177,20177,SOYBEANS,ALL CLASSES,AREA HARVESTED,ACRES,36100
1659171,2007,MISSISSIPPI,HUMPHREYS,28,053,28053,COTTON,UPLAND,AREA PLANTED,ACRES,21200
2065729,1997,WISCONSIN,OUTAGAMIE,55,087,55087,WHEAT,WINTER,PRODUCTION,BU,269800
1708843,1993,MISSOURI,BOLLINGER,29,017,29017,SOYBEANS,ALL CLASSES,AREA HARVESTED,ACRES,13700
2033063,1991,KANSAS,RUSH,20,165,20165,WHEAT,WINTER,PRODUCTION,BU,4456300
1990765,2011,MARYLAND,CECIL,24,015,24015,WHEAT,WINTER,AREA PLANTED,ACRES,9000
2371876,2003,IOWA,BREMER,19,017,19017,CORN,ALL CLASSES,AREA HARVESTED,ACRES,112000
2456511,1995,PENNSYLVANIA,JUNIATA,42,067,42067,CORN,ALL CLASSES,PRODUCTION,BU,915600
2110857,2006,WASHINGTON,WALLA WALLA,53,071,53071,WHEAT,WINTER,YIELD,BU / ACRE,78.8
1802407,2012,NEBRASKA,NUCKOLLS,31,129,31129,SOYBEANS,ALL CLASSES,PRODUCTION,BU,2864000
1976403,1993,CALIFORNIA,MADERA,06,039,06039,WHEAT,WINTER,AREA PLANTED,ACRES,21000
1684305,2007,ARKANSAS,CROSS,05,037,05037,SOYBEANS,ALL CLASSES,AREA HARVESTED,ACRES,155000
2284871,2013,GEORGIA,MACON,13,193,13193,COTTON,UPLAND,YIELD,LB / ACRE,882
2500031,1993,KANSAS,RICE,20,159,20159,CORN,ALL CLASSES,YIELD,BU / ACRE,58.8
2007119,1995,OREGON,BENTON,41,003,41003,WHEAT,WINTER,AREA PLANTED,ACRES,4200
1826070,1999,NEBRASKA,BUTLER,31,023,31023,SOYBEANS,ALL CLASSES,AREA PLANTED,ACRES,39000
2395931,2003,NORTH DAKOTA,BOTTINEAU,38,009,38009,CORN,ALL CLASSES,AREA HARVESTED,ACRES,3000
1809715,1994,OKLAHOMA,PAWNEE,40,117,40117,SOYBEANS,ALL CLASSES,PRODUCTION,BU,155000
2196136,1994,NEW MEXICO,RIO ARRIBA,35,039,35039,WHEAT,WINTER,PRODUCTION,BU,2250
1690789,2010,INDIANA,PARKE,18,121,18121,SOYBEANS,ALL CLASSES,AREA HARVESTED,ACRES,59000
1741342,2002,KANSAS,FINNEY,20,055,20055,SOYBEANS,ALL CLASSES,AREA PLANTED,ACRES,17500
1988449,2004,KANSAS,WOODSON,20,207,20207,WHEAT,WINTER,AREA PLANTED,ACRES,21500
2345634,1993,NORTH DAKOTA,RAMSEY,38,071,38071,SOYBEANS,ALL CLASSES,YIELD,BU / ACRE,16.5
2175731,1992,KANSAS,ANDERSON,20,003,20003,WHEAT,WINTER,YIELD,BU / ACRE,41.5
2377882,1999,KENTUCKY,HART,21,099,21099,CORN,ALL CLASSES,AREA HARVESTED,ACRES,5000
1957052,1991,NORTH DAKOTA,SIOUX,38,085,38085,WHEAT,WINTER,AREA HARVESTED,ACRES,1200
2247405,2011,MARYLAND,CALVERT,24,009,24009,CORN,ALL CLASSES,AREA PLANTED,ACRES,3800
2102517,1998,SOUTH DAKOTA,BUFFALO,46,017,46017,WHEAT,WINTER,YIELD,BU / ACRE,35
2469957,2009,KANSAS,NORTON,20,137,20137,CORN,ALL CLASSES,AREA HARVESTED,ACRES,8000
1853555,2008,MONTANA,TOOLE,30,101,30101,WHEAT,"SPRING, DURUM",AREA PLANTED,ACRES,5100
2459992,2014,SOUTH DAKOTA,LINCOLN,46,083,46083,CORN,ALL CLASSES,PRODUCTION,BU,22783000
2374475,1992,KANSAS,WICHITA,20,203,20203,CORN,ALL CLASSES,AREA HARVESTED,ACRES,20700
2087028,2017,MISSOURI,POLK,29,167,29167,WHEAT,WINTER,YIELD,BU / ACRE,59.5
1765193,2004,PENNSYLVANIA,LUZERNE,42,079,42079,SOYBEANS,ALL CLASSES,AREA PLANTED,ACRES,2600
2466842,1991,VIRGINIA,SUFFOLK CITY,51,800,51800,CORN,ALL CLASSES,PRODUCTION,BU,1608200
2279103,2000,VIRGINIA,PATRICK,51,141,51141,CORN,ALL CLASSES,AREA PLANTED,ACRES,1600
2304512,2002,IDAHO,JEROME,16,053,16053,WHEAT,"SPRING, (EXCL DURUM)",YIELD,BU / ACRE,84.6
1799235,2007,MISSOURI,BENTON,29,015,29015,SOYBEANS,ALL CLASSES,PRODUCTION,BU,645000
2559143,2001,WISCONSIN,CALUMET,55,015,55015,CORN,ALL CLASSES,YIELD,BU / ACRE,111
1975368,1993,ARKANSAS,HOT SPRING,05,059,05059,WHEAT,WINTER,AREA PLANTED,ACRES,500
2364867,2008,GEORGIA,LOWNDES,13,185,13185,CORN,ALL CLASSES,AREA HARVESTED,ACRES,1800
2118299,1995,UTAH,UINTAH,49,047,49047,WHEAT,WINTER,AREA HARVESTED,ACRES,200
1736043,2010,INDIANA,DE KALB,18,033,18033,SOYBEANS,ALL CLASSES,AREA PLANTED,ACRES,68800
1935538,1991,ILLINOIS,PIATT,17,147,17147,WHEAT,WINTER,AREA HARVESTED,ACRES,1700
1720503,2015,TENNESSEE,DYER,47,045,47045,SOYBEANS,ALL CLASSES,AREA HARVESTED,ACRES,127200
1635658,2004,LOUISIANA,CADDO,22,017,22017,COTTON,UPLAND,AREA PLANTED,ACRES,17800
2310136,2011,SOUTH DAKOTA,HAAKON,46,055,46055,WHEAT,"SPRING, (EXCL DURUM)",YIELD,BU / ACRE,28.4
1993543,2019,MISSOURI,CALDWELL,29,025,29025,WHEAT,WINTER,AREA PLANTED,ACRES,1900
1875417,2016,MINNESOTA,ROSEAU,27,135,27135,WHEAT,"SPRING, (EXCL DURUM)",AREA PLANTED,ACRES,93700
1889433,2002,WASHINGTON,BENTON,53,005,53005,WHEAT,"SPRING, (EXCL DURUM)",PRODUCTION,BU,1318000
1872078,2014,SOUTH DAKOTA,MARSHALL,46,091,46091,WHEAT,"SPRING, (EXCL DURUM)",AREA HARVESTED,ACRES,8100
2243915,1996,KENTUCKY,MARSHALL,21,157,21157,CORN,ALL CLASSES,AREA PLANTED,ACRES,8800
2020018,2012,WISCONSIN,DANE,55,025,55025,WHEAT,WINTER,AREA PLANTED,ACRES,14100
2248220,2017,MICHIGAN,OCEANA,26,127,26127,CORN,ALL CLASSES,AREA PLANTED,ACRES,13500
2027709,1996,ILLINOIS,CASS,17,017,17017,WHEAT,WINTER,PRODUCTION,BU,319200
1642871,2000,TEXAS,KARNES,48,255,48255,COTTON,UPLAND,AREA PLANTED,ACRES,1000
2418881,1994,GEORGIA,WILKINSON,13,319,13319,CORN,ALL CLASSES,PRODUCTION,BU,34000
2351403,1991,SOUTH CAROLINA,MARION,45,067,45067,SOYBEANS,ALL CLASSES,YIELD,BU / ACRE,19.2
1637714,1998,NORTH CAROLINA,BERTIE,37,015,37015,COTTON,UPLAND,AREA PLANTED,ACRES,31700
2209725,2003,KANSAS,JEFFERSON,20,087,20087,WHEAT,WINTER,AREA PLANTED,ACRES,7300
2429357,2005,KANSAS,GREELEY,20,071,20071,CORN,ALL CLASSES,PRODUCTION,BU,3617000
2368922,2016,INDIANA,KOSCIUSKO,18,085,18085,CORN,ALL CLASSES,AREA HARVESTED,ACRES,105000
2220150,1994,CALIFORNIA,YOLO,06,113,06113,WHEAT,WINTER,YIELD,BU / ACRE,66.8
2512951,2014,ILLINOIS,CUMBERLAND,17,035,17035,CORN,ALL CLASSES,YIELD,BU / ACRE,196.1
2042290,1994,MONTANA,TETON,30,099,30099,WHEAT,WINTER,PRODUCTION,BU,2511000
1710093,1995,NEBRASKA,COLFAX,31,037,31037,SOYBEANS,ALL CLASSES,AREA HARVESTED,ACRES,74000
1641983,1992,TEXAS,DENTON,48,121,48121,COTTON,UPLAND,AREA PLANTED,ACRES,5300
2328439,2013,KANSAS,OSAGE,20,139,20139,SOYBEANS,ALL CLASSES,YIELD,BU / ACRE,40.4
1936395,2000,ILLINOIS,JOHNSON,17,087,17087,WHEAT,WINTER,AREA HARVESTED,ACRES,1500
1955043,2000,NORTH CAROLINA,MONTGOMERY,37,123,37123,WHEAT,WINTER,AREA HARVESTED,ACRES,400
1923841,2001,MONTANA,HILL,30,041,30041,WHEAT,"SPRING, (EXCL DURUM)",AREA PLANTED,ACRES,26100
1864675,1994,NORTH DAKOTA,MORTON,38,059,38059,WHEAT,"SPRING, DURUM",AREA PLANTED,ACRES,500
2319916,2000,ILLINOIS,LAWRENCE,17,101,17101,SOYBEANS,ALL CLASSES,YIELD,BU / ACRE,42
1854120,2004,NORTH DAKOTA,RAMSEY,38,071,38071,WHEAT,"SPRING, DURUM",AREA PLANTED,ACRES,11000
1774426,2009,ALABAMA,MARSHALL,01,095,01095,SOYBEANS,ALL CLASSES,PRODUCTION,BU,232000
2349568,2014,OKLAHOMA,OKMULGEE,40,111,40111,SOYBEANS,ALL CLASSES,YIELD,BU / ACRE,21.5
1914990,1990,WASHINGTON,LINCOLN,53,043,53043,WHEAT,"SPRING, (EXCL DURUM)",YIELD,BU / ACRE,24.8
1901948,1992,OREGON,UNION,41,061,41061,WHEAT,"SPRING, (EXCL DURUM)",AREA HARVESTED,ACRES,2100
2231081,2006,GEORGIA,GRADY,13,131,13131,CORN,ALL CLASSES,AREA PLANTED,ACRES,11000
2356464,1996,VIRGINIA,GOOCHLAND,51,075,51075,SOYBEANS,ALL CLASSES,YIELD,BU / ACRE,31
1829920,1994,NEBRASKA,VALLEY,31,175,31175,SOYBEANS,ALL CLASSES,PRODUCTION,BU,528000
2136569,1990,TEXAS,FRIO,48,163,48163,WHEAT,WINTER,YIELD,BU / ACRE,23.5
1891324,2015,MONTANA,VALLEY,30,105,30105,WHEAT,"SPRING, (EXCL DURUM)",AREA HARVESTED,ACRES,7600
2169737,1997,TEXAS,CROSBY,48,107,48107,WHEAT,WINTER,PRODUCTION,BU,132000
1791286,2016,KENTUCKY,WASHINGTON,21,229,21229,SOYBEANS,ALL CLASSES,PRODUCTION,BU,470000
1748386,1997,MICHIGAN,JACKSON,26,075,26075,SOYBEANS,ALL CLASSES,AREA PLANTED,ACRES,32000
1642986,2011,TEXAS,NUECES,48,355,48355,COTTON,UPLAND,AREA PLANTED,ACRES,149000
2540396,2005,NORTH CAROLINA,MARTIN,37,117,37117,CORN,ALL CLASSES,YIELD,BU / ACRE,96
1758002,2009,NORTH CAROLINA,DURHAM,37,063,37063,SOYBEANS,ALL CLASSES,AREA PLANTED,ACRES,1100
2255547,2000,MISSOURI,SCOTT,29,201,29201,CORN,ALL CLASSES,AREA PLANTED,ACRES,71900
1921214,1993,NORTH DAKOTA,MCKENZIE,38,053,38053,WHEAT,"SPRING, (EXCL DURUM)",YIELD,BU / ACRE,35.3
2288300,2002,NEW MEXICO,CURRY,35,009,35009,COTTON,UPLAND,YIELD,LB / ACRE,691
2522959,2000,KENTUCKY,ALLEN,21,003,21003,CORN,ALL CLASSES,YIELD,BU / ACRE,105
1859261,1990,NORTH DAKOTA,FOSTER,38,031,38031,WHEAT,"SPRING, DURUM",AREA PLANTED,ACRES,8800
2467862,2002,WISCONSIN,EAU CLAIRE,55,035,55035,CORN,ALL CLASSES,PRODUCTION,BU,4941000
1683289,2014,ALABAMA,FAYETTE,01,057,01057,SOYBEANS,ALL CLASSES,AREA HARVESTED,ACRES,3150
1993984,1992,MISSOURI,MERCER,29,129,29129,WHEAT,WINTER,AREA PLANTED,ACRES,2200
1679568,1996,MISSISSIPPI,SHARKEY,28,125,28125,RICE,ALL CLASSES,AREA PLANTED,ACRES,4900
2112975,1996,CALIFORNIA,RIVERSIDE,06,065,06065,WHEAT,WINTER,AREA HARVESTED,ACRES,9000
2277506,2003,VIRGINIA,MADISON,51,113,51113,CORN,ALL CLASSES,AREA PLANTED,ACRES,6900
1698962,1997,KENTUCKY,GRAYSON,21,085,21085,SOYBEANS,ALL CLASSES,AREA HARVESTED,ACRES,7700
2470357,1993,KANSAS,HASKELL,20,081,20081,CORN,ALL CLASSES,AREA HARVESTED,ACRES,100000
2431660,2019,KANSAS,ELK,20,049,20049,CORN,ALL CLASSES,PRODUCTION,BU,533000
2176138,1990,KANSAS,GREENWOOD,20,073,20073,WHEAT,WINTER,YIELD,BU / ACRE,33.5
2496455,1998,NEBRASKA,LINCOLN,31,111,31111,CORN,ALL CLASSES,PRODUCTION,BU,2164800
1699072,2016,KENTUCKY,HART,21,099,21099,SOYBEANS,ALL CLASSES,AREA HARVESTED,ACRES,11000
1873905,2003,COLORADO,RIO BLANCO,08,103,08103,WHEAT,"SPRING, (EXCL DURUM)",AREA PLANTED,ACRES,300
2092793,1995,NORTH CAROLINA,DAVIE,37,059,37059,WHEAT,WINTER,YIELD,BU / ACRE,40
1726580,2002,VIRGINIA,VIRGINIA BEACH CITY,51,810,51810,SOYBEANS,ALL CLASSES,AREA HARVESTED,ACRES,13000
1757613,2006,NEW YORK,MONTGOMERY,36,057,36057,SOYBEANS,ALL CLASSES,AREA PLANTED,ACRES,800
1797325,1993,MISSISSIPPI,LEFLORE,28,083,28083,SOYBEANS,ALL CLASSES,PRODUCTION,BU,1880000
2004076,2009,OHIO,WAYNE,39,169,39169,WHEAT,WINTER,AREA PLANTED,ACRES,11100
1672075,1995,MISSISSIPPI,TATE,28,137,28137,COTTON,UPLAND,PRODUCTION,480 LB BALES,11400
2434084,2018,KENTUCKY,WASHINGTON,21,229,21229,CORN,ALL CLASSES,PRODUCTION,BU,838000
1634595,1998,GEORGIA,MILLER,13,201,13201,COTTON,UPLAND,AREA PLANTED,ACRES,21000
2065082,1994,WISCONSIN,BARRON,55,005,55005,WHEAT,WINTER,PRODUCTION,BU,64700
1665082,1991,NEW MEXICO,CURRY,35,009,35009,COTTON,UPLAND,AREA HARVESTED,ACRES,600
1707897,1999,MISSOURI,BENTON,29,015,29015,SOYBEANS,ALL CLASSES,AREA HARVESTED,ACRES,22200
2501386,2006,NEBRASKA,PIERCE,31,139,31139,CORN,ALL CLASSES,YIELD,BU / ACRE,92
1676438,2009,LOUISIANA,SAINT LANDRY,22,097,22097,RICE,ALL CLASSES,AREA HARVESTED,ACRES,26900
1847958,1999,ARKANSAS,DREW,05,043,05043,SOYBEANS,ALL CLASSES,YIELD,BU / ACRE,15
2326306,1992,KANSAS,CHEYENNE,20,023,20023,SOYBEANS,ALL CLASSES,YIELD,BU / ACRE,28
2306490,2012,MONTANA,LIBERTY,30,051,30051,WHEAT,"SPRING, (EXCL DURUM)",YIELD,BU / ACRE,33.1
2157309,1999,TEXAS,ARMSTRONG,48,011,48011,WHEAT,WINTER,AREA PLANTED,ACRES,62700
1715832,2013,OHIO,HURON,39,077,39077,SOYBEANS,ALL CLASSES,AREA HARVESTED,ACRES,88700
1770974,2003,VIRGINIA,AMELIA,51,007,51007,SOYBEANS,ALL CLASSES,AREA PLANTED,ACRES,4100
1614230,1996,NEBRASKA,CHEYENNE,31,033,31033,CORN,ALL CLASSES,AREA PLANTED,ACRES,1400
1934964,2005,ILLINOIS,WILL,17,197,17197,WHEAT,WINTER,AREA HARVESTED,ACRES,9300
2349325,2012,OKLAHOMA,OTTAWA,40,115,40115,SOYBEANS,ALL CLASSES,YIELD,BU / ACRE,15.1
2246257,1993,KENTUCKY,ROCKCASTLE,21,203,21203,CORN,ALL CLASSES,AREA PLANTED,ACRES,2400
2214966,1999,KANSAS,KEARNY,20,093,20093,WHEAT,WINTER,PRODUCTION,BU,82000
1817483,1993,VIRGINIA,HALIFAX,51,083,51083,SOYBEANS,ALL CLASSES,PRODUCTION,BU,66600
2038051,1998,MICHIGAN,KENT,26,081,26081,WHEAT,WINTER,PRODUCTION,BU,300000
2292483,2011,TEXAS,WHEELER,48,483,48483,COTTON,UPLAND,YIELD,LB / ACRE,660
2320118,1998,ILLINOIS,JACKSON,17,077,17077,SOYBEANS,ALL CLASSES,YIELD,BU / ACRE,32
2072941,2000,ILLINOIS,LAKE,17,097,17097,WHEAT,WINTER,YIELD,BU / ACRE,49
2316120,1992,GEORGIA,GORDON,13,129,13129,SOYBEANS,ALL CLASSES,YIELD,BU / ACRE,33.8
1691383,1998,INDIANA,TIPTON,18,159,18159,SOYBEANS,ALL CLASSES,AREA HARVESTED,ACRES,78200
2111238,2012,WISCONSIN,MARATHON,55,073,55073,WHEAT,WINTER,YIELD,BU / ACRE,55.4
1916498,1995,SOUTH DAKOTA,MARSHALL,46,091,46091,WHEAT,"SPRING, (EXCL DURUM)",AREA HARVESTED,ACRES,900
1676231,2001,LOUISIANA,RICHLAND,22,083,22083,RICE,ALL CLASSES,AREA HARVESTED,ACRES,7900
2206556,1990,TEXAS,BRISCOE,48,045,48045,WHEAT,WINTER,AREA HARVESTED,ACRES,10500
2309261,1994,OREGON,WASCO,41,065,41065,WHEAT,"SPRING, (EXCL DURUM)",YIELD,BU / ACRE,54.5
1857960,1994,MONTANA,TOOLE,30,101,30101,WHEAT,"SPRING, DURUM",AREA HARVESTED,ACRES,1400
2445909,2001,NEBRASKA,HITCHCOCK,31,087,31087,CORN,ALL CLASSES,PRODUCTION,BU,5542900
2464715,1999,TEXAS,HIDALGO,48,215,48215,CORN,ALL CLASSES,PRODUCTION,BU,1858000
2507456,2010,COLORADO,ADAMS,08,001,08001,CORN,ALL CLASSES,YIELD,BU / ACRE,81.8
1949626,2007,MISSOURI,BUTLER,29,023,29023,WHEAT,WINTER,AREA HARVESTED,ACRES,10200
2080181,2019,KANSAS,WABAUNSEE,20,197,20197,WHEAT,WINTER,YIELD,BU / ACRE,47.4
2219645,1991,TEXAS,BEE,48,025,48025,WHEAT,WINTER,PRODUCTION,BU,49000
2124327,2003,TEXAS,FRIO,48,163,48163,WHEAT,WINTER,AREA PLANTED,ACRES,4200
2266141,2017,OHIO,ADAMS,39,001,39001,CORN,ALL CLASSES,AREA PLANTED,ACRES,14000
1815479,2014,TENNESSEE,POLK,47,139,47139,SOYBEANS,ALL CLASSES,PRODUCTION,BU,188000
2490203,1993,NEBRASKA,LANCASTER,31,109,31109,CORN,ALL CLASSES,AREA HARVESTED,ACRES,44200
2022314,1991,CALIFORNIA,SACRAMENTO,06,067,06067,WHEAT,WINTER,PRODUCTION,BU,1365000
1863354,2008,MONTANA,RICHLAND,30,083,30083,WHEAT,"SPRING, DURUM",YIELD,BU / ACRE,14
2205594,1990,NORTH DAKOTA,HETTINGER,38,041,38041,WHEAT,WINTER,AREA HARVESTED,ACRES,3000
2041171,2007,MISSOURI,LINCOLN,29,113,29113,WHEAT,WINTER,PRODUCTION,BU,807100
2088055,1996,MONTANA,CHOUTEAU,30,015,30015,WHEAT,WINTER,YIELD,BU / ACRE,35
1862205,1998,MONTANA,DAWSON,30,021,30021,WHEAT,"SPRING, DURUM",AREA PLANTED,ACRES,7200
1684527,2005,ARKANSAS,WOODRUFF,05,147,05147,SOYBEANS,ALL CLASSES,AREA HARVESTED,ACRES,125500
2021278,1995,ARKANSAS,MISSISSIPPI,05,093,05093,WHEAT,WINTER,PRODUCTION,BU,3530000
1954505,2016,NORTH CAROLINA,ROCKINGHAM,37,157,37157,WHEAT,WINTER,AREA HARVESTED,ACRES,2650
2286018,2012,GEORGIA,COFFEE,13,069,13069,COTTON,UPLAND,YIELD,LB / ACRE,1097
1938477,1996,INDIANA,KNOX,18,083,18083,WHEAT,WINTER,AREA HARVESTED,ACRES,24400
2401916,1992,PENNSYLVANIA,ALLEGHENY,42,003,42003,CORN,ALL CLASSES,AREA HARVESTED,ACRES,1500
2503340,1999,NORTH DAKOTA,HETTINGER,38,041,38041,CORN,ALL CLASSES,YIELD,BU / ACRE,65.1
1883151,2010,IDAHO,FREMONT,16,043,16043,WHEAT,"SPRING, (EXCL DURUM)",PRODUCTION,BU,3124000
2291595,2006,TEXAS,PARMER,48,369,48369,COTTON,UPLAND,YIELD,LB / ACRE,1211
2531291,2016,MISSISSIPPI,NOXUBEE,28,103,28103,CORN,ALL CLASSES,YIELD,BU / ACRE,149.3
1992262,2014,MICHIGAN,JACKSON,26,075,26075,WHEAT,WINTER,AREA PLANTED,ACRES,7300
1616654,1995,NORTH DAKOTA,WELLS,38,103,38103,CORN,ALL CLASSES,AREA PLANTED,ACRES,6500
2567071,1997,MINNESOTA,ISANTI,27,059,27059,CORN,ALL CLASSES,AREA HARVESTED,ACRES,1700
2152725,1993,MONTANA,MCCONE,30,055,30055,WHEAT,WINTER,AREA PLANTED,ACRES,65800
1647177,2011,GEORGIA,CRISP,13,081,13081,COTTON,UPLAND,PRODUCTION,480 LB BALES,63600
1855351,1999,MONTANA,PONDERA,30,073,30073,WHEAT,"SPRING, DURUM",PRODUCTION,BU,143000
2164183,2000,KANSAS,BOURBON,20,011,20011,WHEAT,WINTER,PRODUCTION,BU,410000
1794506,1998,MINNESOTA,CLAY,27,027,27027,SOYBEANS,ALL CLASSES,PRODUCTION,BU,3394500
2582093,1993,NEBRASKA,BROWN,31,017,31017,CORN,ALL CLASSES,AREA HARVESTED,ACRES,800
1655882,1999,ARKANSAS,CRITTENDEN,05,035,05035,COTTON,UPLAND,AREA HARVESTED,ACRES,25000
2458838,1992,SOUTH DAKOTA,DEUEL,46,039,46039,CORN,ALL CLASSES,PRODUCTION,BU,3592100
1731473,1992,GEORGIA,COLUMBIA,13,073,13073,SOYBEANS,ALL CLASSES,AREA PLANTED,ACRES,200
1784135,2019,IOWA,CERRO GORDO,19,033,19033,SOYBEANS,ALL CLASSES,PRODUCTION,BU,5383000
2341340,2011,NEBRASKA,WASHINGTON,31,177,31177,SOYBEANS,ALL CLASSES,YIELD,BU / ACRE,48.9
2395084,2000,NORTH CAROLINA,PERQUIMANS,37,143,37143,CORN,ALL CLASSES,AREA HARVESTED,ACRES,12800
2384146,2016,MINNESOTA,REDWOOD,27,127,27127,CORN,ALL CLASSES,AREA HARVESTED,ACRES,232500
2122865,1992,OREGON,CLACKAMAS,41,005,41005,WHEAT,WINTER,AREA PLANTED,ACRES,100
2578103,2010,WISCONSIN,PIERCE,55,093,55093,CORN,ALL CLASSES,AREA HARVESTED,ACRES,11100
1994866,2009,MISSOURI,OSAGE,29,151,29151,WHEAT,WINTER,AREA PLANTED,ACRES,2100
2460428,2006,TENNESSEE,HARDEMAN,47,069,47069,CORN,ALL CLASSES,PRODUCTION,BU,440000
1758267,1994,NORTH CAROLINA,VANCE,37,181,37181,SOYBEANS,ALL CLASSES,AREA PLANTED,ACRES,6500
1806370,2019,NORTH DAKOTA,STEELE,38,091,38091,SOYBEANS,ALL CLASSES,PRODUCTION,BU,4435000
2038431,1993,MICHIGAN,SHIAWASSEE,26,155,26155,WHEAT,WINTER,PRODUCTION,BU,780000
2142676,1998,NEBRASKA,PAWNEE,31,133,31133,WHEAT,WINTER,AREA HARVESTED,ACRES,7000
2432153,2015,KENTUCKY,CALDWELL,21,033,21033,CORN,ALL CLASSES,PRODUCTION,BU,5207000
2385491,2018,MISSISSIPPI,WASHINGTON,28,151,28151,CORN,ALL CLASSES,AREA HARVESTED,ACRES,51800
2293748,1993,TEXAS,BASTROP,48,021,48021,COTTON,UPLAND,YIELD,LB / ACRE,240
1693468,2008,IOWA,WINNESHIEK,19,191,19191,SOYBEANS,ALL CLASSES,AREA HARVESTED,ACRES,71700
2505276,2014,ALABAMA,DALLAS,01,047,01047,CORN,ALL CLASSES,YIELD,BU / ACRE,111.6
1766936,2010,SOUTH DAKOTA,WALWORTH,46,129,46129,SOYBEANS,ALL CLASSES,AREA PLANTED,ACRES,48000
2532840,1994,MISSOURI,BOONE,29,019,29019,CORN,ALL CLASSES,YIELD,BU / ACRE,91.9
1809228,1994,OKLAHOMA,CANADIAN,40,017,40017,SOYBEANS,ALL CLASSES,PRODUCTION,BU,25000
2302192,2003,CALIFORNIA,MERCED,06,047,06047,RICE,ALL CLASSES,YIELD,LB / ACRE,8000
1933319,2001,GEORGIA,DOOLY,13,093,13093,WHEAT,WINTER,AREA HARVESTED,ACRES,3500
2402782,2006,SOUTH CAROLINA,MARION,45,067,45067,CORN,ALL CLASSES,AREA HARVESTED,ACRES,6400
1971454,1996,VIRGINIA,ESSEX,51,057,51057,WHEAT,WINTER,AREA HARVESTED,ACRES,12100
2473998,1992,NEW MEXICO,SOCORRO,35,053,35053,CORN,ALL CLASSES,AREA HARVESTED,ACRES,550
1810346,2001,PENNSYLVANIA,INDIANA,42,063,42063,SOYBEANS,ALL CLASSES,PRODUCTION,BU,117500
2159203,2001,TEXAS,LIMESTONE,48,293,48293,WHEAT,WINTER,AREA PLANTED,ACRES,3500
1859899,2005,MONTANA,VALLEY,30,105,30105,WHEAT,"SPRING, DURUM",PRODUCTION,BU,634000
2031131,1999,IOWA,WINNESHIEK,19,191,19191,WHEAT,WINTER,PRODUCTION,BU,36400
1652669,2009,TEXAS,MOORE,48,341,48341,COTTON,UPLAND,PRODUCTION,480 LB BALES,17800
2046227,2005,NORTH CAROLINA,SURRY,37,171,37171,WHEAT,WINTER,PRODUCTION,BU,94000
1917847,1991,NORTH DAKOTA,FOSTER,38,031,38031,WHEAT,"SPRING, (EXCL DURUM)",AREA PLANTED,ACRES,25800
2580036,1999,NEBRASKA,MORRILL,31,123,31123,CORN,ALL CLASSES,AREA HARVESTED,ACRES,1900
1906940,1991,SOUTH DAKOTA,TURNER,46,125,46125,WHEAT,"SPRING, (EXCL DURUM)",AREA PLANTED,ACRES,700
2019539,2016,WISCONSIN,WAUPACA,55,135,55135,WHEAT,WINTER,AREA PLANTED,ACRES,3400
2120079,1997,KANSAS,RAWLINS,20,153,20153,WHEAT,WINTER,AREA PLANTED,ACRES,2000
1999314,1991,NEW MEXICO,COLFAX,35,007,35007,WHEAT,WINTER,AREA PLANTED,ACRES,1000
2504754,2014,ALABAMA,LIMESTONE,01,083,01083,CORN,ALL CLASSES,YIELD,BU / ACRE,181.7
1717991,1999,OKLAHOMA,CLEVELAND,40,027,40027,SOYBEANS,ALL CLASSES,AREA HARVESTED,ACRES,2000
2557329,1996,VIRGINIA,GREENSVILLE,51,081,51081,CORN,ALL CLASSES,YIELD,BU / ACRE,103
2337188,2018,MISSISSIPPI,CARROLL,28,015,28015,SOYBEANS,ALL CLASSES,YIELD,BU / ACRE,50.8
1789509,2008,KENTUCKY,TRIGG,21,221,21221,SOYBEANS,ALL CLASSES,PRODUCTION,BU,616000
1977016,2012,COLORADO,LINCOLN,08,073,08073,WHEAT,WINTER,AREA PLANTED,ACRES,162000
1853845,2009,NORTH DAKOTA,MOUNTRAIL,38,061,38061,WHEAT,"SPRING, DURUM",AREA PLANTED,ACRES,220000
2346014,1996,NORTH DAKOTA,TRAILL,38,097,38097,SOYBEANS,ALL CLASSES,YIELD,BU / ACRE,28.8
2174169,2002,KANSAS,CHEYENNE,20,023,20023,WHEAT,WINTER,YIELD,BU / ACRE,21
1921504,1990,SOUTH DAKOTA,PERKINS,46,105,46105,WHEAT,"SPRING, (EXCL DURUM)",YIELD,BU / ACRE,21.5
1884825,2005,MONTANA,LIBERTY,30,051,30051,WHEAT,"SPRING, (EXCL DURUM)",PRODUCTION,BU,2723000
1815540,1999,TEXAS,DEAF SMITH,48,117,48117,SOYBEANS,ALL CLASSES,PRODUCTION,BU,128200
1762122,1993,OHIO,MIAMI,39,109,39109,SOYBEANS,ALL CLASSES,AREA PLANTED,ACRES,75100
2045007,2004,NEBRASKA,RICHARDSON,31,147,31147,WHEAT,WINTER,PRODUCTION,BU,280500
2160605,1995,WASHINGTON,ADAMS,53,001,53001,WHEAT,WINTER,AREA PLANTED,ACRES,241900
1846556,2009,NEBRASKA,NEMAHA,31,127,31127,SOYBEANS,ALL CLASSES,PRODUCTION,BU,3816800
1955022,2001,NORTH CAROLINA,MECKLENBURG,37,119,37119,WHEAT,WINTER,AREA HARVESTED,ACRES,1900
2477554,2012,NEBRASKA,GARDEN,31,069,31069,CORN,ALL CLASSES,PRODUCTION,BU,3357000
2568757,2002,NEBRASKA,CUSTER,31,041,31041,CORN,ALL CLASSES,AREA HARVESTED,ACRES,20500
1985542,1991,IOWA,WASHINGTON,19,183,19183,WHEAT,WINTER,AREA PLANTED,ACRES,1800
1816739,2012,VIRGINIA,CAMPBELL,51,031,51031,SOYBEANS,ALL CLASSES,PRODUCTION,BU,190000
2357974,1994,WISCONSIN,OCONTO,55,083,55083,SOYBEANS,ALL CLASSES,YIELD,BU / ACRE,44
1760902,2001,NORTH DAKOTA,LOGAN,38,047,38047,SOYBEANS,ALL CLASSES,AREA PLANTED,ACRES,8000
2377999,1990,KENTUCKY,MEADE,21,163,21163,CORN,ALL CLASSES,AREA HARVESTED,ACRES,11200
2511944,2004,ILLINOIS,LOGAN,17,107,17107,CORN,ALL CLASSES,YIELD,BU / ACRE,188
2139534,1990,KANSAS,RUSH,20,165,20165,WHEAT,WINTER,AREA HARVESTED,ACRES,153900
1964162,2003,SOUTH DAKOTA,MARSHALL,46,091,46091,WHEAT,WINTER,AREA HARVESTED,ACRES,1000
1843639,2012,ARKANSAS,LONOKE,05,085,05085,SOYBEANS,ALL CLASSES,PRODUCTION,BU,48200
2091774,2006,NEW YORK,ORLEANS,36,073,36073,WHEAT,WINTER,YIELD,BU / ACRE,60
2411531,1990,VIRGINIA,NOTTOWAY,51,135,51135,CORN,ALL CLASSES,AREA HARVESTED,ACRES,800
2482227,2001,KANSAS,STANTON,20,187,20187,CORN,ALL CLASSES,YIELD,BU / ACRE,167
1756569,2011,NEBRASKA,CLAY,31,035,31035,SOYBEANS,ALL CLASSES,AREA PLANTED,ACRES,87500
2459513,1996,SOUTH DAKOTA,MINNEHAHA,46,099,46099,CORN,ALL CLASSES,PRODUCTION,BU,18515000
1994510,2006,MISSOURI,ST CLAIR,29,185,29185,WHEAT,WINTER,AREA PLANTED,ACRES,15600
1827488,2011,ARKANSAS,MISSISSIPPI,05,093,05093,SOYBEANS,ALL CLASSES,PRODUCTION,BU,7290000
2519506,1993,KANSAS,DECATUR,20,039,20039,CORN,ALL CLASSES,YIELD,BU / ACRE,79
1994769,1993,MISSOURI,MARIES,29,125,29125,WHEAT,WINTER,AREA PLANTED,ACRES,1800
2480922,1995,SOUTH DAKOTA,YANKTON,46,135,46135,CORN,ALL CLASSES,PRODUCTION,BU,630000
1645090,1994,ARKANSAS,LONOKE,05,085,05085,COTTON,UPLAND,PRODUCTION,480 LB BALES,49000
2218986,1996,TEXAS,BAYLOR,48,023,48023,WHEAT,WINTER,PRODUCTION,BU,1731000
1864088,1992,NORTH DAKOTA,BARNES,38,003,38003,WHEAT,"SPRING, DURUM",AREA HARVESTED,ACRES,3400
2331789,2017,LOUISIANA,WEST BATON ROUGE,22,121,22121,SOYBEANS,ALL CLASSES,YIELD,BU / ACRE,57.4
1841577,2008,NEBRASKA,HALL,31,079,31079,SOYBEANS,ALL CLASSES,AREA PLANTED,ACRES,4400
1985496,1992,IOWA,MAHASKA,19,123,19123,WHEAT,WINTER,AREA PLANTED,ACRES,150
2525615,2017,MARYLAND,FREDERICK,24,021,24021,CORN,ALL CLASSES,YIELD,BU / ACRE,163.4
2096427,2003,OHIO,FAYETTE,39,047,39047,WHEAT,WINTER,YIELD,BU / ACRE,67.1
1785168,1995,IOWA,GRUNDY,19,075,19075,SOYBEANS,ALL CLASSES,PRODUCTION,BU,6725000
2067113,2001,ARKANSAS,CLAY,05,021,05021,WHEAT,WINTER,YIELD,BU / ACRE,49
1939979,1997,KANSAS,WALLACE,20,199,20199,WHEAT,WINTER,AREA HARVESTED,ACRES,71300
1998539,2010,NEBRASKA,KEARNEY,31,099,31099,WHEAT,WINTER,AREA PLANTED,ACRES,9200
2491307,2001,NORTH DAKOTA,BOTTINEAU,38,009,38009,CORN,ALL CLASSES,AREA HARVESTED,ACRES,2600
2370453,2004,INDIANA,MARTIN,18,101,18101,CORN,ALL CLASSES,AREA HARVESTED,ACRES,13600
2472716,2002,NEBRASKA,COLFAX,31,037,31037,CORN,ALL CLASSES,AREA HARVESTED,ACRES,40800
1901909,2008,OREGON,WASCO,41,065,41065,WHEAT,"SPRING, (EXCL DURUM)",AREA HARVESTED,ACRES,3200
2079831,2017,KANSAS,CHASE,20,017,20017,WHEAT,WINTER,YIELD,BU / ACRE,50.8
2093605,2010,NORTH CAROLINA,PERQUIMANS,37,143,37143,WHEAT,WINTER,YIELD,BU / ACRE,45
2370821,2019,INDIANA,ORANGE,18,117,18117,CORN,ALL CLASSES,AREA HARVESTED,ACRES,19600
2498658,2010,TEXAS,AUSTIN,48,015,48015,CORN,ALL CLASSES,PRODUCTION,BU,373000
2036567,1990,LOUISIANA,BEAUREGARD,22,011,22011,WHEAT,WINTER,PRODUCTION,BU,205000
2132562,1994,KANSAS,LOGAN,20,109,20109,WHEAT,WINTER,YIELD,BU / ACRE,47.9
1972240,2019,VIRGINIA,SUFFOLK CITY,51,800,51800,WHEAT,WINTER,AREA HARVESTED,ACRES,1400
2194349,1994,KANSAS,MEADE,20,119,20119,WHEAT,WINTER,PRODUCTION,BU,2215000
1916555,1994,SOUTH DAKOTA,HUGHES,46,065,46065,WHEAT,"SPRING, (EXCL DURUM)",AREA HARVESTED,ACRES,9500
1712884,2002,NORTH CAROLINA,LEE,37,105,37105,SOYBEANS,ALL CLASSES,AREA HARVESTED,ACRES,4400
1876818,1995,MONTANA,DAWSON,30,021,30021,WHEAT,"SPRING, (EXCL DURUM)",AREA PLANTED,ACRES,150000
2566421,1996,MINNESOTA,CHIPPEWA,27,023,27023,CORN,ALL CLASSES,AREA HARVESTED,ACRES,900
1917814,1995,NORTH DAKOTA,MCKENZIE,38,053,38053,WHEAT,"SPRING, (EXCL DURUM)",AREA PLANTED,ACRES,58900
2296645,2015,TEXAS,GARZA,48,169,48169,COTTON,UPLAND,YIELD,LB / ACRE,1023
1866513,2011,IDAHO,GOODING,16,047,16047,WHEAT,"SPRING, (EXCL DURUM)",AREA HARVESTED,ACRES,3400
1958167,2005,OHIO,LOGAN,39,091,39091,WHEAT,WINTER,AREA HARVESTED,ACRES,10800
1945430,2007,MICHIGAN,OCEANA,26,127,26127,WHEAT,WINTER,AREA HARVESTED,ACRES,1800
2558252,2012,WISCONSIN,SAWYER,55,113,55113,CORN,ALL CLASSES,YIELD,BU / ACRE,140.4
1672533,2003,OKLAHOMA,CADDO,40,015,40015,COTTON,UPLAND,PRODUCTION,480 LB BALES,900
1928282,1993,OREGON,CROOK,41,013,41013,WHEAT,"SPRING, (EXCL DURUM)",YIELD,BU / ACRE,20
1936670,2002,ILLINOIS,GALLATIN,17,059,17059,WHEAT,WINTER,AREA HARVESTED,ACRES,5700
2489569,2002,NEBRASKA,CEDAR,31,027,31027,CORN,ALL CLASSES,AREA HARVESTED,ACRES,93100
1693842,2009,IOWA,BOONE,19,015,19015,SOYBEANS,ALL CLASSES,AREA HARVESTED,ACRES,104700
2521747,2019,KANSAS,OSAGE,20,139,20139,CORN,ALL CLASSES,YIELD,BU / ACRE,115.6
1989360,2011,KENTUCKY,HARDIN,21,093,21093,WHEAT,WINTER,AREA PLANTED,ACRES,7100
1887374,2002,OREGON,COLUMBIA,41,009,41009,WHEAT,"SPRING, (EXCL DURUM)",PRODUCTION,BU,16000
2301580,1999,ARKANSAS,MONROE,05,095,05095,RICE,ALL CLASSES,YIELD,LB / ACRE,5600
2317696,1992,GEORGIA,BRANTLEY,13,025,13025,SOYBEANS,ALL CLASSES,YIELD,BU / ACRE,30
2160384,1999,UTAH,JUAB,49,023,49023,WHEAT,WINTER,AREA PLANTED,ACRES,4400
2347083,1990,OHIO,PORTAGE,39,133,39133,SOYBEANS,ALL CLASSES,YIELD,BU / ACRE,33
1620583,1992,ARIZONA,COCHISE,04,003,04003,COTTON,UPLAND,AREA HARVESTED,ACRES,11500
2176081,2003,KANSAS,COWLEY,20,035,20035,WHEAT,WINTER,YIELD,BU / ACRE,39
2187645,1993,NORTH DAKOTA,LOGAN,38,047,38047,WHEAT,WINTER,AREA HARVESTED,ACRES,200
2360383,2000,ALABAMA,DALE,01,045,01045,CORN,ALL CLASSES,AREA HARVESTED,ACRES,500
1704434,2014,MINNESOTA,PINE,27,115,27115,SOYBEANS,ALL CLASSES,AREA HARVESTED,ACRES,7290
2351889,2004,SOUTH CAROLINA,BERKELEY,45,015,45015,SOYBEANS,ALL CLASSES,YIELD,BU / ACRE,21
2393798,2015,NORTH CAROLINA,RUTHERFORD,37,161,37161,CORN,ALL CLASSES,AREA HARVESTED,ACRES,230
2215677,1998,KANSAS,STAFFORD,20,185,20185,WHEAT,WINTER,PRODUCTION,BU,5114000
2571515,1995,NORTH CAROLINA,ALAMANCE,37,001,37001,CORN,ALL CLASSES,AREA HARVESTED,ACRES,3300
2241599,2014,KANSAS,KEARNY,20,093,20093,CORN,ALL CLASSES,AREA PLANTED,ACRES,35100
2044729,1997,NEBRASKA,CLAY,31,035,31035,WHEAT,WINTER,PRODUCTION,BU,240200
2350685,2006,PENNSYLVANIA,ADAMS,42,001,42001,SOYBEANS,ALL CLASSES,YIELD,BU / ACRE,35.2
1732072,1993,GEORGIA,COOK,13,075,13075,SOYBEANS,ALL CLASSES,AREA PLANTED,ACRES,2400
2214945,1996,KANSAS,HODGEMAN,20,083,20083,WHEAT,WINTER,PRODUCTION,BU,57600
1640602,2000,TEXAS,RANDALL,48,381,48381,COTTON,UPLAND,AREA PLANTED,ACRES,2700
1675095,2014,ARKANSAS,MISSISSIPPI,05,093,05093,RICE,ALL CLASSES,AREA HARVESTED,ACRES,53700
1747939,2017,MINNESOTA,POLK,27,119,27119,SOYBEANS,ALL CLASSES,AREA PLANTED,ACRES,326000
1847113,1998,TEXAS,VICTORIA,48,469,48469,SOYBEANS,ALL CLASSES,PRODUCTION,BU,397100
1614129,1993,MONTANA,GARFIELD,30,033,30033,CORN,ALL CLASSES,AREA PLANTED,ACRES,100
2507378,2005,COLORADO,MORGAN,08,087,08087,CORN,ALL CLASSES,YIELD,BU / ACRE,184
2132429,1990,KANSAS,RAWLINS,20,153,20153,WHEAT,WINTER,YIELD,BU / ACRE,46
2499517,2000,KANSAS,GRAY,20,069,20069,CORN,ALL CLASSES,YIELD,BU / ACRE,45
2332879,2001,MICHIGAN,NEWAYGO,26,123,26123,SOYBEANS,ALL CLASSES,YIELD,BU / ACRE,22
1798288,1995,MISSOURI,HOLT,29,087,29087,SOYBEANS,ALL CLASSES,PRODUCTION,BU,3325000
2570816,2013,NEW YORK,ALLEGANY,36,003,36003,CORN,ALL CLASSES,AREA HARVESTED,ACRES,6500
1983981,2016,INDIANA,HOWARD,18,067,18067,WHEAT,WINTER,AREA PLANTED,ACRES,2100
2414698,2017,ALABAMA,DE KALB,01,049,01049,CORN,ALL CLASSES,PRODUCTION,BU,1846000
2415878,2019,ARKANSAS,POINSETT,05,111,05111,CORN,ALL CLASSES,PRODUCTION,BU,5870000
2077995,1991,KANSAS,SCOTT,20,171,20171,WHEAT,WINTER,YIELD,BU / ACRE,39.8
2312223,1994,MINNESOTA,MARSHALL,27,089,27089,WHEAT,"SPRING, DURUM",YIELD,BU / ACRE,32
1952476,1996,NEBRASKA,FURNAS,31,065,31065,WHEAT,WINTER,AREA HARVESTED,ACRES,73100
1906483,1999,SOUTH DAKOTA,HAND,46,059,46059,WHEAT,"SPRING, (EXCL DURUM)",AREA PLANTED,ACRES,62000
2578089,1991,WISCONSIN,PEPIN,55,091,55091,CORN,ALL CLASSES,AREA HARVESTED,ACRES,2900
1801500,2002,NEBRASKA,LANCASTER,31,109,31109,SOYBEANS,ALL CLASSES,PRODUCTION,BU,4002000
2551206,1995,TENNESSEE,DICKSON,47,043,47043,CORN,ALL CLASSES,YIELD,BU / ACRE,89
1670587,1995,TEXAS,REAGAN,48,383,48383,COTTON,UPLAND,AREA PLANTED,ACRES,5300
2064542,2001,WASHINGTON,SPOKANE,53,063,53063,WHEAT,WINTER,PRODUCTION,BU,5520000
1878691,1990,NORTH DAKOTA,ADAMS,38,001,38001,WHEAT,"SPRING, (EXCL DURUM)",AREA PLANTED,ACRES,105000
2133265,2001,KANSAS,PAWNEE,20,145,20145,WHEAT,WINTER,YIELD,BU / ACRE,60
2028393,2018,ILLINOIS,SHELBY,17,173,17173,WHEAT,WINTER,PRODUCTION,BU,433000
2350742,2011,PENNSYLVANIA,BEDFORD,42,009,42009,SOYBEANS,ALL CLASSES,YIELD,BU / ACRE,42.9
2015129,1999,TEXAS,JOHNSON,48,251,48251,WHEAT,WINTER,AREA PLANTED,ACRES,20400
2059155,1990,TEXAS,SWISHER,48,437,48437,WHEAT,WINTER,PRODUCTION,BU,2292000
2228736,2003,CALIFORNIA,SANTA BARBARA,06,083,06083,CORN,ALL CLASSES,AREA PLANTED,ACRES,400
2000313,2009,NORTH CAROLINA,ALAMANCE,37,001,37001,WHEAT,WINTER,AREA PLANTED,ACRES,2900
1785604,2004,IOWA,JONES,19,105,19105,SOYBEANS,ALL CLASSES,PRODUCTION,BU,3597000
2127398,1991,MONTANA,PONDERA,30,073,30073,WHEAT,WINTER,PRODUCTION,BU,72000
1705535,2001,MISSISSIPPI,CALHOUN,28,013,28013,SOYBEANS,ALL CLASSES,AREA HARVESTED,ACRES,8500
2348558,1993,OHIO,WASHINGTON,39,167,39167,SOYBEANS,ALL CLASSES,YIELD,BU / ACRE,33
2576006,1995,UTAH,BEAVER,49,001,49001,CORN,ALL CLASSES,AREA HARVESTED,ACRES,1400
2568548,2004,NEBRASKA,BOONE,31,011,31011,CORN,ALL CLASSES,AREA HARVESTED,ACRES,3400
1830891,2005,NEBRASKA,OTOE,31,131,31131,SOYBEANS,ALL CLASSES,PRODUCTION,BU,100800
2179033,1995,NORTH DAKOTA,DICKEY,38,021,38021,WHEAT,WINTER,YIELD,BU / ACRE,26.9
2336213,2004,MINNESOTA,MOWER,27,099,27099,SOYBEANS,ALL CLASSES,YIELD,BU / ACRE,40
2018066,2012,VIRGINIA,PITTSYLVANIA,51,143,51143,WHEAT,WINTER,AREA PLANTED,ACRES,8300
2570157,2019,NEW YORK,MONROE,36,055,36055,CORN,ALL CLASSES,AREA HARVESTED,ACRES,1700
2317949,1993,ILLINOIS,HENRY,17,073,17073,SOYBEANS,ALL CLASSES,YIELD,BU / ACRE,45
2390942,2012,NEBRASKA,LINCOLN,31,111,31111,CORN,ALL CLASSES,AREA HARVESTED,ACRES,212900
2371745,2006,IOWA,WORTH,19,195,19195,CORN,ALL CLASSES,AREA HARVESTED,ACRES,111100
2029091,2001,INDIANA,PORTER,18,127,18127,WHEAT,WINTER,PRODUCTION,BU,166400
2131445,1993,COLORADO,WELD,08,123,08123,WHEAT,WINTER,YIELD,BU / ACRE,69
2568670,2006,NEBRASKA,PIERCE,31,139,31139,CORN,ALL CLASSES,AREA HARVESTED,ACRES,5300
2317280,2015,GEORGIA,TERRELL,13,273,13273,SOYBEANS,ALL CLASSES,YIELD,BU / ACRE,42.3
2484599,2002,NEBRASKA,HAMILTON,31,081,31081,CORN,ALL CLASSES,YIELD,BU / ACRE,187
1919861,1995,SOUTH DAKOTA,CLARK,46,025,46025,WHEAT,"SPRING, (EXCL DURUM)",PRODUCTION,BU,33600
1740580,1991,IOWA,RINGGOLD,19,159,19159,SOYBEANS,ALL CLASSES,AREA PLANTED,ACRES,40400
1844246,1995,KANSAS,REPUBLIC,20,157,20157,SOYBEANS,ALL CLASSES,PRODUCTION,BU,518000
1760077,2008,NORTH DAKOTA,WARD,38,101,38101,SOYBEANS,ALL CLASSES,AREA PLANTED,ACRES,18300
2535972,2010,NEBRASKA,POLK,31,143,31143,CORN,ALL CLASSES,YIELD,BU / ACRE,170.1
2059054,2006,TEXAS,RANDALL,48,381,48381,WHEAT,WINTER,PRODUCTION,BU,180000
2033328,1990,KANSAS,KIOWA,20,097,20097,WHEAT,WINTER,PRODUCTION,BU,5005600
1885178,2014,MONTANA,VALLEY,30,105,30105,WHEAT,"SPRING, (EXCL DURUM)",PRODUCTION,BU,11480000
1986135,2008,KANSAS,GRAY,20,069,20069,WHEAT,WINTER,AREA PLANTED,ACRES,130900
2420373,1994,IDAHO,CANYON,16,027,16027,CORN,ALL CLASSES,PRODUCTION,BU,1262900
1796491,2006,MINNESOTA,HOUSTON,27,055,27055,SOYBEANS,ALL CLASSES,PRODUCTION,BU,1565200
2307506,2009,MONTANA,WIBAUX,30,109,30109,WHEAT,"SPRING, (EXCL DURUM)",YIELD,BU / ACRE,29
1653271,1995,TEXAS,CHILDRESS,48,075,48075,COTTON,UPLAND,PRODUCTION,480 LB BALES,20100
2543948,1995,OHIO,PICKAWAY,39,129,39129,CORN,ALL CLASSES,YIELD,BU / ACRE,122.9
2086393,2000,MISSOURI,MONROE,29,137,29137,WHEAT,WINTER,YIELD,BU / ACRE,58.6
2182025,1995,TEXAS,KENT,48,263,48263,WHEAT,WINTER,YIELD,BU / ACRE,13.4
1932423,2005,GEORGIA,PULASKI,13,235,13235,WHEAT,WINTER,AREA HARVESTED,ACRES,4000
1885035,2012,MONTANA,GARFIELD,30,033,30033,WHEAT,"SPRING, (EXCL DURUM)",PRODUCTION,BU,1270000
2149069,1993,CALIFORNIA,GLENN,06,021,06021,WHEAT,WINTER,AREA PLANTED,ACRES,7000
2291784,2011,TEXAS,CROSBY,48,107,48107,COTTON,UPLAND,YIELD,LB / ACRE,442
2431190,1993,KANSAS,FRANKLIN,20,059,20059,CORN,ALL CLASSES,PRODUCTION,BU,776000
2305222,2017,MINNESOTA,RED LAKE,27,125,27125,WHEAT,"SPRING, (EXCL DURUM)",YIELD,BU / ACRE,70.8
1891807,1995,NORTH DAKOTA,KIDDER,38,043,38043,WHEAT,"SPRING, (EXCL DURUM)",AREA HARVESTED,ACRES,700
1703582,2008,MISSOURI,CEDAR,29,039,29039,SOYBEANS,ALL CLASSES,AREA HARVESTED,ACRES,5100
1907156,1998,WASHINGTON,YAKIMA,53,077,53077,WHEAT,"SPRING, (EXCL DURUM)",AREA PLANTED,ACRES,8400
1709806,1995,NEBRASKA,BUFFALO,31,019,31019,SOYBEANS,ALL CLASSES,AREA HARVESTED,ACRES,40000
2339162,2000,MISSOURI,MORGAN,29,141,29141,SOYBEANS,ALL CLASSES,YIELD,BU / ACRE,34
1854515,1993,NORTH DAKOTA,GOLDEN VALLEY,38,033,38033,WHEAT,"SPRING, DURUM",AREA PLANTED,ACRES,3700
2503440,1993,NORTH DAKOTA,DICKEY,38,021,38021,CORN,ALL CLASSES,YIELD,BU / ACRE,41.1
2121251,1991,MONTANA,CASCADE,30,013,30013,WHEAT,WINTER,AREA PLANTED,ACRES,2500
1809810,1993,OKLAHOMA,WASHINGTON,40,147,40147,SOYBEANS,ALL CLASSES,PRODUCTION,BU,170000
2183305,2002,TEXAS,BURNET,48,053,48053,WHEAT,WINTER,YIELD,BU / ACRE,26.7
1628555,1990,TEXAS,ANDREWS,48,003,48003,COTTON,UPLAND,AREA HARVESTED,ACRES,14400
2471995,1991,NEBRASKA,KEYA PAHA,31,103,31103,CORN,ALL CLASSES,AREA HARVESTED,ACRES,6500
2385516,2013,MISSISSIPPI,YAZOO,28,163,28163,CORN,ALL CLASSES,AREA HARVESTED,ACRES,53000
2314988,2004,ARKANSAS,FRANKLIN,05,047,05047,SOYBEANS,ALL CLASSES,YIELD,BU / ACRE,35
2022014,2007,ARKANSAS,LINCOLN,05,079,05079,WHEAT,WINTER,PRODUCTION,BU,452000
1839399,1993,ARKANSAS,SEBASTIAN,05,131,05131,SOYBEANS,ALL CLASSES,AREA PLANTED,ACRES,4500
1782040,1996,INDIANA,TIPPECANOE,18,157,18157,SOYBEANS,ALL CLASSES,PRODUCTION,BU,3722800
2057747,2017,TENNESSEE,LAWRENCE,47,099,47099,WHEAT,WINTER,PRODUCTION,BU,495000
1682139,1990,MISSISSIPPI,TUNICA,28,143,28143,RICE,ALL CLASSES,PRODUCTION,CWT,1026000
1958735,2000,OHIO,BUTLER,39,017,39017,WHEAT,WINTER,AREA HARVESTED,ACRES,9800
2404317,2019,SOUTH DAKOTA,JERAULD,46,073,46073,CORN,ALL CLASSES,AREA HARVESTED,ACRES,35900
2392063,2004,NEW MEXICO,ROOSEVELT,35,041,35041,CORN,ALL CLASSES,AREA HARVESTED,ACRES,3000
2171543,1991,TEXAS,LAMPASAS,48,281,48281,WHEAT,WINTER,PRODUCTION,BU,85000
2092609,2003,NORTH CAROLINA,STOKES,37,169,37169,WHEAT,WINTER,YIELD,BU / ACRE,36
1732882,1996,ILLINOIS,COOK,17,031,17031,SOYBEANS,ALL CLASSES,AREA PLANTED,ACRES,18000
2035417,1995,KENTUCKY,EDMONSON,21,061,21061,WHEAT,WINTER,PRODUCTION,BU,31500
1887937,2012,SOUTH DAKOTA,DEWEY,46,041,46041,WHEAT,"SPRING, (EXCL DURUM)",PRODUCTION,BU,814000
1802130,2004,NEBRASKA,KEARNEY,31,099,31099,SOYBEANS,ALL CLASSES,PRODUCTION,BU,4732800
2321226,2014,INDIANA,MIAMI,18,103,18103,SOYBEANS,ALL CLASSES,YIELD,BU / ACRE,53.6
2374883,2015,KANSAS,CLOUD,20,029,20029,CORN,ALL CLASSES,AREA HARVESTED,ACRES,22300
2338450,2016,MISSOURI,SULLIVAN,29,211,29211,SOYBEANS,ALL CLASSES,YIELD,BU / ACRE,44.3
2308779,2003,NORTH DAKOTA,MORTON,38,059,38059,WHEAT,"SPRING, (EXCL DURUM)",YIELD,BU / ACRE,18.9
2242967,2005,KANSAS,COFFEY,20,031,20031,CORN,ALL CLASSES,AREA PLANTED,ACRES,25500
2175801,2005,KANSAS,FRANKLIN,20,059,20059,WHEAT,WINTER,YIELD,BU / ACRE,30
1644679,1999,ARIZONA,PINAL,04,021,04021,COTTON,UPLAND,PRODUCTION,480 LB BALES,294800
1861499,1991,SOUTH DAKOTA,CODINGTON,46,029,46029,WHEAT,"SPRING, DURUM",YIELD,BU / ACRE,24
2525707,1995,MARYLAND,WASHINGTON,24,043,24043,CORN,ALL CLASSES,YIELD,BU / ACRE,97.9
2363190,1996,GEORGIA,WHITFIELD,13,313,13313,CORN,ALL CLASSES,AREA HARVESTED,ACRES,700
2020982,1990,ALABAMA,GENEVA,01,061,01061,WHEAT,WINTER,PRODUCTION,BU,168000
1949191,2016,MISSOURI,ST CHARLES,29,183,29183,WHEAT,WINTER,AREA HARVESTED,ACRES,4800
1697673,2010,KANSAS,CHAUTAUQUA,20,019,20019,SOYBEANS,ALL CLASSES,AREA HARVESTED,ACRES,7800
2271695,1995,SOUTH DAKOTA,KINGSBURY,46,077,46077,CORN,ALL CLASSES,AREA PLANTED,ACRES,67500
1685589,2001,GEORGIA,HOUSTON,13,153,13153,SOYBEANS,ALL CLASSES,AREA HARVESTED,ACRES,4200
1691259,2002,INDIANA,MARION,18,097,18097,SOYBEANS,ALL CLASSES,AREA HARVESTED,ACRES,9200
1731149,1994,GEORGIA,CRAWFORD,13,079,13079,SOYBEANS,ALL CLASSES,AREA PLANTED,ACRES,3000
1923938,1992,MONTANA,DANIELS,30,019,30019,WHEAT,"SPRING, (EXCL DURUM)",AREA PLANTED,ACRES,25700
2123351,1990,TEXAS,FLOYD,48,153,48153,WHEAT,WINTER,AREA PLANTED,ACRES,11000
2193426,1994,CALIFORNIA,KINGS,06,031,06031,WHEAT,WINTER,PRODUCTION,BU,100000
2132592,2001,KANSAS,SCOTT,20,171,20171,WHEAT,WINTER,YIELD,BU / ACRE,47
2171546,2016,TEXAS,LAMPASAS,48,281,48281,WHEAT,WINTER,PRODUCTION,BU,31000
1664470,2007,LOUISIANA,SAINT LANDRY,22,097,22097,COTTON,UPLAND,AREA HARVESTED,ACRES,1800
2566431,2008,MINNESOTA,CHIPPEWA,27,023,27023,CORN,ALL CLASSES,AREA HARVESTED,ACRES,800
1851680,2017,MONTANA,TETON,30,099,30099,WHEAT,"SPRING, DURUM",AREA HARVESTED,ACRES,9700
2504577,2016,TEXAS,BRAZORIA,48,039,48039,CORN,ALL CLASSES,YIELD,BU / ACRE,84.1
1850039,2010,NEBRASKA,POLK,31,143,31143,SOYBEANS,ALL CLASSES,YIELD,BU / ACRE,52.8
2401120,1992,PENNSYLVANIA,WYOMING,42,131,42131,CORN,ALL CLASSES,AREA HARVESTED,ACRES,3400
2461695,1994,TENNESSEE,WHITE,47,185,47185,CORN,ALL CLASSES,PRODUCTION,BU,108000
1959342,2005,OKLAHOMA,CUSTER,40,039,40039,WHEAT,WINTER,AREA HARVESTED,ACRES,165000
2181199,2002,TEXAS,FLOYD,48,153,48153,WHEAT,WINTER,YIELD,BU / ACRE,17
1738639,1996,IOWA,MITCHELL,19,131,19131,SOYBEANS,ALL CLASSES,AREA PLANTED,ACRES,89000
2576722,1993,VIRGINIA,SMYTH,51,173,51173,CORN,ALL CLASSES,AREA HARVESTED,ACRES,4200
1898976,1996,OREGON,CLACKAMAS,41,005,41005,WHEAT,"SPRING, (EXCL DURUM)",YIELD,BU / ACRE,105
2366590,1993,ILLINOIS,MACON,17,115,17115,CORN,ALL CLASSES,AREA HARVESTED,ACRES,135700
2281816,1999,WISCONSIN,WALWORTH,55,127,55127,CORN,ALL CLASSES,AREA PLANTED,ACRES,92200
1924021,2004,MONTANA,ROOSEVELT,30,085,30085,WHEAT,"SPRING, (EXCL DURUM)",AREA PLANTED,ACRES,170000
1722469,2003,TENNESSEE,LAKE,47,095,47095,SOYBEANS,ALL CLASSES,AREA HARVESTED,ACRES,45000
1908948,1990,NORTH DAKOTA,BURKE,38,013,38013,WHEAT,"SPRING, (EXCL DURUM)",PRODUCTION,BU,3201000
2219532,1990,TEXAS,IRION,48,235,48235,WHEAT,WINTER,PRODUCTION,BU,8000
2454326,2011,OHIO,HOCKING,39,073,39073,CORN,ALL CLASSES,PRODUCTION,BU,353000
2292914,2007,TEXAS,THROCKMORTON,48,447,48447,COTTON,UPLAND,YIELD,LB / ACRE,343
1689026,1993,ILLINOIS,JASPER,17,079,17079,SOYBEANS,ALL CLASSES,AREA HARVESTED,ACRES,104000
1800470,2001,MISSOURI,SCOTT,29,201,29201,SOYBEANS,ALL CLASSES,PRODUCTION,BU,3163000
1630157,1999,TEXAS,ANDERSON,48,001,48001,COTTON,UPLAND,AREA HARVESTED,ACRES,1600
2124632,1996,WASHINGTON,ADAMS,53,001,53001,WHEAT,WINTER,AREA PLANTED,ACRES,24300
2518282,1990,IOWA,BENTON,19,011,19011,CORN,ALL CLASSES,YIELD,BU / ACRE,120.5
2292787,2006,TEXAS,SCURRY,48,415,48415,COTTON,UPLAND,YIELD,LB / ACRE,237
2034922,2004,KENTUCKY,CHRISTIAN,21,047,21047,WHEAT,WINTER,PRODUCTION,BU,2878500
1947806,1997,MISSOURI,WORTH,29,227,29227,WHEAT,WINTER,AREA HARVESTED,ACRES,400
1657619,2010,TEXAS,COLLINGSWORTH,48,087,48087,COTTON,UPLAND,AREA HARVESTED,ACRES,20200
2196675,1993,OREGON,UMATILLA,41,059,41059,WHEAT,WINTER,PRODUCTION,BU,12965600
2395896,1995,NORTH DAKOTA,BENSON,38,005,38005,CORN,ALL CLASSES,AREA HARVESTED,ACRES,2300
2168679,1993,SOUTH DAKOTA,HYDE,46,069,46069,WHEAT,WINTER,PRODUCTION,BU,1537200
2229259,1993,COLORADO,BACA,08,009,08009,CORN,ALL CLASSES,AREA PLANTED,ACRES,18200
2352871,2008,SOUTH DAKOTA,MCCOOK,46,087,46087,SOYBEANS,ALL CLASSES,YIELD,BU / ACRE,33
2225077,1994,TEXAS,ARCHER,48,009,48009,WHEAT,WINTER,YIELD,BU / ACRE,20.5
1749815,1990,MINNESOTA,ANOKA,27,003,27003,SOYBEANS,ALL CLASSES,AREA PLANTED,ACRES,3800
2261283,2007,NORTH CAROLINA,DAVIDSON,37,057,37057,CORN,ALL CLASSES,AREA PLANTED,ACRES,6800
2337838,2005,MISSOURI,CLAY,29,047,29047,SOYBEANS,ALL CLASSES,YIELD,BU / ACRE,43.7
2523398,1999,KENTUCKY,MEADE,21,163,21163,CORN,ALL CLASSES,YIELD,BU / ACRE,77
2153519,1997,NEBRASKA,LOGAN,31,113,31113,WHEAT,WINTER,AREA PLANTED,ACRES,3600
1954553,2011,NORTH CAROLINA,VANCE,37,181,37181,WHEAT,WINTER,AREA HARVESTED,ACRES,1900
1810004,2001,OKLAHOMA,LEFLORE,40,079,40079,SOYBEANS,ALL CLASSES,PRODUCTION,BU,330000
1626393,2012,NORTH CAROLINA,DUPLIN,37,061,37061,COTTON,UPLAND,AREA HARVESTED,ACRES,12700
2321532,1990,INDIANA,WELLS,18,179,18179,SOYBEANS,ALL CLASSES,YIELD,BU / ACRE,42.6
1772812,2018,WISCONSIN,LA CROSSE,55,063,55063,SOYBEANS,ALL CLASSES,AREA PLANTED,ACRES,17500
1898168,1996,MONTANA,LIBERTY,30,051,30051,WHEAT,"SPRING, (EXCL DURUM)",YIELD,BU / ACRE,53
2126772,2008,KANSAS,MEADE,20,119,20119,WHEAT,WINTER,PRODUCTION,BU,873000
1841204,2006,NEBRASKA,BURT,31,021,31021,SOYBEANS,ALL CLASSES,AREA PLANTED,ACRES,85600
2532595,2004,MISSOURI,CASS,29,037,29037,CORN,ALL CLASSES,YIELD,BU / ACRE,135.8
1952801,2001,NEBRASKA,NEMAHA,31,127,31127,WHEAT,WINTER,AREA HARVESTED,ACRES,2800
2270968,2012,SOUTH DAKOTA,POTTER,46,107,46107,CORN,ALL CLASSES,AREA PLANTED,ACRES,104500
1727220,2004,WISCONSIN,LA CROSSE,55,063,55063,SOYBEANS,ALL CLASSES,AREA HARVESTED,ACRES,12200
2172746,2001,CALIFORNIA,ALAMEDA,06,001,06001,WHEAT,WINTER,YIELD,BU / ACRE,0
1858785,1992,MONTANA,CHOUTEAU,30,015,30015,WHEAT,"SPRING, DURUM",AREA PLANTED,ACRES,4400
1723142,2004,TENNESSEE,MONTGOMERY,47,125,47125,SOYBEANS,ALL CLASSES,AREA HARVESTED,ACRES,18700
2089545,2011,NEBRASKA,LOGAN,31,113,31113,WHEAT,WINTER,YIELD,BU / ACRE,38.9
2091765,2013,NEW YORK,ONTARIO,36,069,36069,WHEAT,WINTER,YIELD,BU / ACRE,65.8
2311347,2012,WASHINGTON,GRANT,53,025,53025,WHEAT,"SPRING, (EXCL DURUM)",YIELD,BU / ACRE,91.9
1735133,2008,ILLINOIS,EDWARDS,17,047,17047,SOYBEANS,ALL CLASSES,AREA PLANTED,ACRES,41000
2583308,1998,NORTH DAKOTA,DUNN,38,025,38025,CORN,ALL CLASSES,AREA HARVESTED,ACRES,5900
1830700,2007,NEBRASKA,CLAY,31,035,31035,SOYBEANS,ALL CLASSES,PRODUCTION,BU,2454400
1753510,2002,MISSOURI,BOONE,29,019,29019,SOYBEANS,ALL CLASSES,AREA PLANTED,ACRES,44800
1887011,1995,NORTH DAKOTA,STARK,38,089,38089,WHEAT,"SPRING, (EXCL DURUM)",PRODUCTION,BU,5581000
2066019,1994,WISCONSIN,DODGE,55,027,55027,WHEAT,WINTER,PRODUCTION,BU,442500
2267693,1993,OREGON,MARION,41,047,41047,CORN,ALL CLASSES,AREA PLANTED,ACRES,2700
1988225,1992,KANSAS,COWLEY,20,035,20035,WHEAT,WINTER,AREA PLANTED,ACRES,140000
1870498,2019,NORTH DAKOTA,TRAILL,38,097,38097,WHEAT,"SPRING, (EXCL DURUM)",AREA HARVESTED,ACRES,71400
2199929,1991,MONTANA,STILLWATER,30,095,30095,WHEAT,WINTER,YIELD,BU / ACRE,32
2446825,2010,NEW JERSEY,MIDDLESEX,34,023,34023,CORN,ALL CLASSES,PRODUCTION,BU,230000
2582515,1990,NEBRASKA,VALLEY,31,175,31175,CORN,ALL CLASSES,AREA HARVESTED,ACRES,1500
1914023,1995,SOUTH DAKOTA,MARSHALL,46,091,46091,WHEAT,"SPRING, (EXCL DURUM)",YIELD,BU / ACRE,36
1743174,2004,KANSAS,WABAUNSEE,20,197,20197,SOYBEANS,ALL CLASSES,AREA PLANTED,ACRES,23500
1700337,2000,LOUISIANA,OUACHITA,22,073,22073,SOYBEANS,ALL CLASSES,AREA HARVESTED,ACRES,10900
1879396,1992,OREGON,SHERMAN,41,055,41055,WHEAT,"SPRING, (EXCL DURUM)",AREA PLANTED,ACRES,12100
1665485,2000,TEXAS,BAILEY,48,017,48017,COTTON,UPLAND,AREA HARVESTED,ACRES,24200
1615915,1994,NEBRASKA,HARLAN,31,083,31083,CORN,ALL CLASSES,AREA PLANTED,ACRES,13300
1715813,2010,OHIO,HURON,39,077,39077,SOYBEANS,ALL CLASSES,AREA HARVESTED,ACRES,94800
1846190,2004,NEBRASKA,PERKINS,31,135,31135,SOYBEANS,ALL CLASSES,PRODUCTION,BU,26000
2039805,2003,MISSOURI,GENTRY,29,075,29075,WHEAT,WINTER,PRODUCTION,BU,182000
1651412,2003,SOUTH CAROLINA,HORRY,45,051,45051,COTTON,UPLAND,PRODUCTION,480 LB BALES,1600
2538213,2017,NEW YORK,ONEIDA,36,065,36065,CORN,ALL CLASSES,YIELD,BU / ACRE,154.5
1741022,1992,KANSAS,CHEYENNE,20,023,20023,SOYBEANS,ALL CLASSES,AREA PLANTED,ACRES,1500
2524632,1993,KENTUCKY,LAUREL,21,125,21125,CORN,ALL CLASSES,YIELD,BU / ACRE,105
2371248,2003,IOWA,EMMET,19,063,19063,CORN,ALL CLASSES,AREA HARVESTED,ACRES,114500
2057830,1999,TENNESSEE,BEDFORD,47,003,47003,WHEAT,WINTER,PRODUCTION,BU,115000
1764544,1997,PENNSYLVANIA,LYCOMING,42,081,42081,SOYBEANS,ALL CLASSES,AREA PLANTED,ACRES,5000
2270032,2005,SOUTH CAROLINA,MARION,45,067,45067,CORN,ALL CLASSES,AREA PLANTED,ACRES,6200
2084841,1996,MINNESOTA,LAKE OF THE WOODS,27,077,27077,WHEAT,WINTER,YIELD,BU / ACRE,42
2176604,1997,MONTANA,CASCADE,30,013,30013,WHEAT,WINTER,YIELD,BU / ACRE,49
1791324,1996,KENTUCKY,ESTILL,21,065,21065,SOYBEANS,ALL CLASSES,PRODUCTION,BU,18000
1725586,1990,VIRGINIA,HENRICO,51,087,51087,SOYBEANS,ALL CLASSES,AREA HARVESTED,ACRES,5200
1782012,1999,INDIANA,PUTNAM,18,133,18133,SOYBEANS,ALL CLASSES,PRODUCTION,BU,2942100
1810858,2001,PENNSYLVANIA,MONROE,42,089,42089,SOYBEANS,ALL CLASSES,PRODUCTION,BU,40700
2387549,1998,MISSOURI,HOWARD,29,089,29089,CORN,ALL CLASSES,AREA HARVESTED,ACRES,29800
2569674,1995,NEW MEXICO,SANTA FE,35,049,35049,CORN,ALL CLASSES,AREA HARVESTED,ACRES,3400
2113191,1998,COLORADO,WASHINGTON,08,121,08121,WHEAT,WINTER,AREA HARVESTED,ACRES,7500
1670130,1994,TEXAS,TAYLOR,48,441,48441,COTTON,UPLAND,AREA PLANTED,ACRES,16400
2420351,1990,IDAHO,ADA,16,001,16001,CORN,ALL CLASSES,PRODUCTION,BU,284000
2477222,1998,MONTANA,LAKE,30,047,30047,CORN,ALL CLASSES,PRODUCTION,BU,64000
1887485,2010,OREGON,YAMHILL,41,071,41071,WHEAT,"SPRING, (EXCL DURUM)",PRODUCTION,BU,191000
1983526,2010,INDIANA,CLAY,18,021,18021,WHEAT,WINTER,AREA PLANTED,ACRES,1000
2257476,2017,NEBRASKA,PLATTE,31,141,31141,CORN,ALL CLASSES,AREA PLANTED,ACRES,206900
1653917,2016,TEXAS,SCURRY,48,415,48415,COTTON,UPLAND,PRODUCTION,480 LB BALES,61100
1915930,2000,MONTANA,FALLON,30,025,30025,WHEAT,"SPRING, (EXCL DURUM)",AREA HARVESTED,ACRES,15500
2373444,2009,IOWA,CLARKE,19,039,19039,CORN,ALL CLASSES,AREA HARVESTED,ACRES,33900
1940219,2003,KANSAS,HASKELL,20,081,20081,WHEAT,WINTER,AREA HARVESTED,ACRES,91000
1631743,2013,ALABAMA,CHEROKEE,01,019,01019,COTTON,UPLAND,AREA PLANTED,ACRES,16300
1952395,1999,NEBRASKA,RED WILLOW,31,145,31145,WHEAT,WINTER,AREA HARVESTED,ACRES,77100
2284829,1997,GEORGIA,FRANKLIN,13,119,13119,COTTON,UPLAND,YIELD,LB / ACRE,400
2149536,2001,COLORADO,ADAMS,08,001,08001,WHEAT,WINTER,AREA PLANTED,ACRES,150000
2202542,2000,KANSAS,SHERIDAN,20,179,20179,WHEAT,WINTER,AREA HARVESTED,ACRES,36000
1910830,1994,SOUTH DAKOTA,YANKTON,46,135,46135,WHEAT,"SPRING, (EXCL DURUM)",PRODUCTION,BU,12500
2277329,2004,UTAH,BEAVER,49,001,49001,CORN,ALL CLASSES,AREA PLANTED,ACRES,1000
2422893,2018,ILLINOIS,SHELBY,17,173,17173,CORN,ALL CLASSES,PRODUCTION,BU,37798000
1648083,2003,LOUISIANA,AVOYELLES,22,009,22009,COTTON,UPLAND,PRODUCTION,480 LB BALES,28800
2314378,1990,ALABAMA,MACON,01,087,01087,SOYBEANS,ALL CLASSES,YIELD,BU / ACRE,12.5
1902418,2006,SOUTH DAKOTA,ROBERTS,46,109,46109,WHEAT,"SPRING, (EXCL DURUM)",AREA HARVESTED,ACRES,56300
2009006,2009,SOUTH CAROLINA,LAURENS,45,059,45059,WHEAT,WINTER,AREA PLANTED,ACRES,500
2245312,2013,KENTUCKY,PENDLETON,21,191,21191,CORN,ALL CLASSES,AREA PLANTED,ACRES,1400
2434444,2002,KENTUCKY,ROWAN,21,205,21205,CORN,ALL CLASSES,PRODUCTION,BU,116600
2355870,2016,TEXAS,LIBERTY,48,291,48291,SOYBEANS,ALL CLASSES,YIELD,BU / ACRE,20.5
2353160,1994,SOUTH DAKOTA,CLAY,46,027,46027,SOYBEANS,ALL CLASSES,YIELD,BU / ACRE,44
1941800,1992,KANSAS,DOUGLAS,20,045,20045,WHEAT,WINTER,AREA HARVESTED,ACRES,22000
2357123,1992,VIRGINIA,HALIFAX,51,083,51083,SOYBEANS,ALL CLASSES,YIELD,BU / ACRE,26
2232726,2010,ILLINOIS,STEPHENSON,17,177,17177,CORN,ALL CLASSES,AREA PLANTED,ACRES,175000
2372879,1997,IOWA,CEDAR,19,031,19031,CORN,ALL CLASSES,AREA HARVESTED,ACRES,143800
1943486,2011,KENTUCKY,MEADE,21,163,21163,WHEAT,WINTER,AREA HARVESTED,ACRES,6100
2081154,1996,KENTUCKY,SIMPSON,21,213,21213,WHEAT,WINTER,YIELD,BU / ACRE,57
2210662,1990,MONTANA,LEWIS AND CLARK,30,049,30049,WHEAT,WINTER,AREA PLANTED,ACRES,2000
1851546,1991,MONTANA,CHOUTEAU,30,015,30015,WHEAT,"SPRING, DURUM",AREA HARVESTED,ACRES,3800
2332597,2000,MARYLAND,DORCHESTER,24,019,24019,SOYBEANS,ALL CLASSES,YIELD,BU / ACRE,42.2
2153286,2009,NEBRASKA,DEUEL,31,049,31049,WHEAT,WINTER,AREA PLANTED,ACRES,84800
2021139,2015,ARKANSAS,CLAY,05,021,05021,WHEAT,WINTER,PRODUCTION,BU,145000
1992551,2009,MICHIGAN,WASHTENAW,26,161,26161,WHEAT,WINTER,AREA PLANTED,ACRES,15200
2200520,1995,NORTH DAKOTA,DIVIDE,38,023,38023,WHEAT,WINTER,YIELD,BU / ACRE,33
1992685,1996,MINNESOTA,ROSEAU,27,135,27135,WHEAT,WINTER,AREA PLANTED,ACRES,5700
1982342,1995,ILLINOIS,JACKSON,17,077,17077,WHEAT,WINTER,AREA PLANTED,ACRES,20000
2293549,2015,TEXAS,CONCHO,48,095,48095,COTTON,UPLAND,YIELD,LB / ACRE,397
2305420,2005,MINNESOTA,GRANT,27,051,27051,WHEAT,"SPRING, (EXCL DURUM)",YIELD,BU / ACRE,43
2572803,1995,NORTH DAKOTA,SLOPE,38,087,38087,CORN,ALL CLASSES,AREA HARVESTED,ACRES,1200
2559705,2000,WISCONSIN,JEFFERSON,55,055,55055,CORN,ALL CLASSES,YIELD,BU / ACRE,128
2573950,1996,PENNSYLVANIA,NORTHUMBERLAND,42,097,42097,CORN,ALL CLASSES,AREA HARVESTED,ACRES,1800
1998618,2018,NEBRASKA,WEBSTER,31,181,31181,WHEAT,WINTER,AREA PLANTED,ACRES,16100
2521676,2008,KANSAS,MIAMI,20,121,20121,CORN,ALL CLASSES,YIELD,BU / ACRE,103
2579565,1996,COLORADO,MONTROSE,08,085,08085,CORN,ALL CLASSES,AREA HARVESTED,ACRES,3300
2501548,2004,NEBRASKA,DAWSON,31,047,31047,CORN,ALL CLASSES,YIELD,BU / ACRE,74
2434097,2000,KENTUCKY,WOODFORD,21,239,21239,CORN,ALL CLASSES,PRODUCTION,BU,440800
2051605,2001,OKLAHOMA,COTTON,40,033,40033,WHEAT,WINTER,PRODUCTION,BU,1430000
1774337,2002,ALABAMA,DE KALB,01,049,01049,SOYBEANS,ALL CLASSES,PRODUCTION,BU,215000
2320309,1993,ILLINOIS,ST CLAIR,17,163,17163,SOYBEANS,ALL CLASSES,YIELD,BU / ACRE,39
1660529,2006,TEXAS,BAYLOR,48,023,48023,COTTON,UPLAND,AREA PLANTED,ACRES,1600
2351238,2002,SOUTH CAROLINA,DARLINGTON,45,031,45031,SOYBEANS,ALL CLASSES,YIELD,BU / ACRE,15
2158390,1991,TEXAS,BAYLOR,48,023,48023,WHEAT,WINTER,AREA PLANTED,ACRES,124200
2451635,2004,NORTH DAKOTA,ADAMS,38,001,38001,CORN,ALL CLASSES,PRODUCTION,BU,24000
1852225,1993,NORTH DAKOTA,NELSON,38,063,38063,WHEAT,"SPRING, DURUM",AREA HARVESTED,ACRES,28000
2053362,1990,OREGON,GILLIAM,41,021,41021,WHEAT,WINTER,PRODUCTION,BU,2683500
1696318,2009,KANSAS,DICKINSON,20,041,20041,SOYBEANS,ALL CLASSES,AREA HARVESTED,ACRES,72500
2354669,1993,TENNESSEE,FRANKLIN,47,051,47051,SOYBEANS,ALL CLASSES,YIELD,BU / ACRE,28
2342632,2005,NEW YORK,NIAGARA,36,063,36063,SOYBEANS,ALL CLASSES,YIELD,BU / ACRE,45
1980813,1993,ILLINOIS,KANE,17,089,17089,WHEAT,WINTER,AREA PLANTED,ACRES,7400
2367865,2002,ILLINOIS,CLINTON,17,027,17027,CORN,ALL CLASSES,AREA HARVESTED,ACRES,78800
2116495,1998,OKLAHOMA,GREER,40,055,40055,WHEAT,WINTER,AREA HARVESTED,ACRES,2100
2313162,1999,NORTH DAKOTA,KIDDER,38,043,38043,WHEAT,"SPRING, DURUM",YIELD,BU / ACRE,16.2
1754441,1993,MISSOURI,BOLLINGER,29,017,29017,SOYBEANS,ALL CLASSES,AREA PLANTED,ACRES,14000
1698239,2003,KENTUCKY,MARSHALL,21,157,21157,SOYBEANS,ALL CLASSES,AREA HARVESTED,ACRES,15400
1899610,1991,WYOMING,WESTON,56,045,56045,WHEAT,"SPRING, (EXCL DURUM)",YIELD,BU / ACRE,48
1910748,1993,SOUTH DAKOTA,BON HOMME,46,009,46009,WHEAT,"SPRING, (EXCL DURUM)",PRODUCTION,BU,35700
2120028,2000,KANSAS,DECATUR,20,039,20039,WHEAT,WINTER,AREA PLANTED,ACRES,1300
2463739,1991,TEXAS,BEE,48,025,48025,CORN,ALL CLASSES,PRODUCTION,BU,1378400
1709766,2013,NEBRASKA,THURSTON,31,173,31173,SOYBEANS,ALL CLASSES,AREA HARVESTED,ACRES,70400
1748558,2012,MICHIGAN,LENAWEE,26,091,26091,SOYBEANS,ALL CLASSES,AREA PLANTED,ACRES,120000
2549511,2001,SOUTH DAKOTA,JACKSON,46,071,46071,CORN,ALL CLASSES,YIELD,BU / ACRE,85.5
1643463,2004,VIRGINIA,CHARLES CITY,51,036,51036,COTTON,UPLAND,AREA PLANTED,ACRES,790
2003742,2008,OHIO,OTTAWA,39,123,39123,WHEAT,WINTER,AREA PLANTED,ACRES,16600
1687153,1990,ILLINOIS,ROCK ISLAND,17,161,17161,SOYBEANS,ALL CLASSES,AREA HARVESTED,ACRES,35400
1944209,2005,LOUISIANA,MOREHOUSE,22,067,22067,WHEAT,WINTER,AREA HARVESTED,ACRES,8200
2441748,2007,MISSOURI,LIVINGSTON,29,117,29117,CORN,ALL CLASSES,PRODUCTION,BU,3552000
2405783,2008,TENNESSEE,HUMPHREYS,47,085,47085,CORN,ALL CLASSES,AREA HARVESTED,ACRES,5100
2471363,2006,KANSAS,WILSON,20,205,20205,CORN,ALL CLASSES,AREA HARVESTED,ACRES,800
1771332,2003,VIRGINIA,ACCOMACK,51,001,51001,SOYBEANS,ALL CLASSES,AREA PLANTED,ACRES,35000
1900306,2004,MONTANA,FLATHEAD,30,029,30029,WHEAT,"SPRING, (EXCL DURUM)",AREA HARVESTED,ACRES,8500
1876070,1994,MINNESOTA,TODD,27,153,27153,WHEAT,"SPRING, (EXCL DURUM)",AREA PLANTED,ACRES,2500
2371195,2013,IOWA,CLAY,19,041,19041,CORN,ALL CLASSES,AREA HARVESTED,ACRES,150400
1679857,1990,TEXAS,COLORADO,48,089,48089,RICE,ALL CLASSES,AREA PLANTED,ACRES,40200
1638206,2016,NORTH CAROLINA,HYDE,37,095,37095,COTTON,UPLAND,AREA PLANTED,ACRES,6800
1637206,2006,MISSOURI,PEMISCOT,29,155,29155,COTTON,UPLAND,AREA PLANTED,ACRES,104000
2085347,2007,MISSISSIPPI,SUNFLOWER,28,133,28133,WHEAT,WINTER,YIELD,BU / ACRE,57
1769092,2009,TENNESSEE,MARSHALL,47,117,47117,SOYBEANS,ALL CLASSES,AREA PLANTED,ACRES,3400
1941999,2003,KANSAS,MORRIS,20,127,20127,WHEAT,WINTER,AREA HARVESTED,ACRES,34200
1960520,2011,OKLAHOMA,STEPHENS,40,137,40137,WHEAT,WINTER,AREA HARVESTED,ACRES,9000
2237701,2008,INDIANA,ORANGE,18,117,18117,CORN,ALL CLASSES,AREA PLANTED,ACRES,22600
1978124,1992,GEORGIA,BLECKLEY,13,023,13023,WHEAT,WINTER,AREA PLANTED,ACRES,7000
1701784,2001,MICHIGAN,ALPENA,26,007,26007,SOYBEANS,ALL CLASSES,AREA HARVESTED,ACRES,800
1794818,2002,MINNESOTA,DOUGLAS,27,041,27041,SOYBEANS,ALL CLASSES,PRODUCTION,BU,2720800
2194352,1997,KANSAS,MORTON,20,129,20129,WHEAT,WINTER,PRODUCTION,BU,2355000
1915456,1999,MONTANA,PONDERA,30,073,30073,WHEAT,"SPRING, (EXCL DURUM)",AREA HARVESTED,ACRES,91200
1803630,1992,NORTH CAROLINA,ALAMANCE,37,001,37001,SOYBEANS,ALL CLASSES,PRODUCTION,BU,22000
2403623,2005,SOUTH DAKOTA,EDMUNDS,46,045,46045,CORN,ALL CLASSES,AREA HARVESTED,ACRES,99400
2365850,2011,ILLINOIS,STEPHENSON,17,177,17177,CORN,ALL CLASSES,AREA HARVESTED,ACRES,170100
2297651,1994,ARKANSAS,JEFFERSON,05,069,05069,COTTON,UPLAND,YIELD,LB / ACRE,740
1649259,1999,MISSOURI,DUNKLIN,29,069,29069,COTTON,UPLAND,PRODUCTION,480 LB BALES,187000
2407915,2019,TEXAS,BELL,48,027,48027,CORN,ALL CLASSES,AREA HARVESTED,ACRES,69000
2139228,2007,KANSAS,MITCHELL,20,123,20123,WHEAT,WINTER,AREA HARVESTED,ACRES,196500
2071088,2005,GEORGIA,MITCHELL,13,205,13205,WHEAT,WINTER,YIELD,BU / ACRE,50
1762114,2006,OHIO,MIAMI,39,109,39109,SOYBEANS,ALL CLASSES,AREA PLANTED,ACRES,82700
2571346,2003,NORTH CAROLINA,BUNCOMBE,37,021,37021,CORN,ALL CLASSES,AREA HARVESTED,ACRES,1600
2134973,1993,OKLAHOMA,GREER,40,055,40055,WHEAT,WINTER,YIELD,BU / ACRE,50
2155375,1992,OKLAHOMA,BEAVER,40,007,40007,WHEAT,WINTER,AREA PLANTED,ACRES,239000
2412205,1993,WEST VIRGINIA,JEFFERSON,54,037,54037,CORN,ALL CLASSES,AREA HARVESTED,ACRES,11000
2379728,2005,LOUISIANA,WEST CARROLL,22,123,22123,CORN,ALL CLASSES,AREA HARVESTED,ACRES,12000
1824460,1997,KANSAS,FORD,20,057,20057,SOYBEANS,ALL CLASSES,AREA PLANTED,ACRES,3400
1718716,1990,OKLAHOMA,SEQUOYAH,40,135,40135,SOYBEANS,ALL CLASSES,AREA HARVESTED,ACRES,10500
2369182,2011,INDIANA,LAGRANGE,18,087,18087,CORN,ALL CLASSES,AREA HARVESTED,ACRES,50600
1837950,1991,NEBRASKA,SARPY,31,153,31153,SOYBEANS,ALL CLASSES,AREA HARVESTED,ACRES,32800
2487742,1990,KANSAS,SCOTT,20,171,20171,CORN,ALL CLASSES,AREA HARVESTED,ACRES,300
2486407,1995,SOUTH DAKOTA,WALWORTH,46,129,46129,CORN,ALL CLASSES,YIELD,BU / ACRE,110
1717687,1998,OKLAHOMA,BEAVER,40,007,40007,SOYBEANS,ALL CLASSES,AREA HARVESTED,ACRES,800
2538716,1996,NEW YORK,TOMPKINS,36,109,36109,CORN,ALL CLASSES,YIELD,BU / ACRE,103
2546071,1999,OREGON,MORROW,41,049,41049,CORN,ALL CLASSES,YIELD,BU / ACRE,214
1815349,2005,TENNESSEE,JEFFERSON,47,089,47089,SOYBEANS,ALL CLASSES,PRODUCTION,BU,30000
1757524,2005,NEW YORK,MADISON,36,053,36053,SOYBEANS,ALL CLASSES,AREA PLANTED,ACRES,2400
2050061,1990,OHIO,TRUMBULL,39,155,39155,WHEAT,WINTER,PRODUCTION,BU,201800
2097464,1994,OKLAHOMA,DEWEY,40,043,40043,WHEAT,WINTER,YIELD,BU / ACRE,20.6
2518031,2005,IOWA,HARDIN,19,083,19083,CORN,ALL CLASSES,YIELD,BU / ACRE,188.6
1698839,2002,KENTUCKY,BUTLER,21,031,21031,SOYBEANS,ALL CLASSES,AREA HARVESTED,ACRES,15500
1700907,1996,LOUISIANA,ALLEN,22,003,22003,SOYBEANS,ALL CLASSES,AREA HARVESTED,ACRES,12900
1815799,1997,TEXAS,ELLIS,48,139,48139,SOYBEANS,ALL CLASSES,PRODUCTION,BU,88600
2273711,1996,TENNESSEE,CUMBERLAND,47,035,47035,CORN,ALL CLASSES,AREA PLANTED,ACRES,2600
1660385,1990,TEXAS,MILAM,48,331,48331,COTTON,UPLAND,AREA PLANTED,ACRES,2700
1825333,1990,KANSAS,NEOSHO,20,133,20133,SOYBEANS,ALL CLASSES,AREA PLANTED,ACRES,500
2330152,1996,KENTUCKY,NELSON,21,179,21179,SOYBEANS,ALL CLASSES,YIELD,BU / ACRE,40
2390397,1996,NEBRASKA,DOUGLAS,31,055,31055,CORN,ALL CLASSES,AREA HARVESTED,ACRES,39300
1935928,2004,ILLINOIS,CLARK,17,023,17023,WHEAT,WINTER,AREA HARVESTED,ACRES,6800
2269768,2009,SOUTH CAROLINA,SPARTANBURG,45,083,45083,CORN,ALL CLASSES,AREA PLANTED,ACRES,800
2472675,2010,NEBRASKA,BUTLER,31,023,31023,CORN,ALL CLASSES,AREA HARVESTED,ACRES,73300
1755580,1996,NEBRASKA,SHERMAN,31,163,31163,SOYBEANS,ALL CLASSES,AREA PLANTED,ACRES,6300
2218041,1995,OKLAHOMA,GARVIN,40,049,40049,WHEAT,WINTER,PRODUCTION,BU,108000
2225486,1991,TEXAS,ROBERTSON,48,395,48395,WHEAT,WINTER,YIELD,BU / ACRE,29.7
1693056,2012,IOWA,MITCHELL,19,131,19131,SOYBEANS,ALL CLASSES,AREA HARVESTED,ACRES,83000
2299395,2005,TEXAS,YOAKUM,48,501,48501,COTTON,UPLAND,YIELD,LB / ACRE,445
2272408,1997,TENNESSEE,LAKE,47,095,47095,CORN,ALL CLASSES,AREA PLANTED,ACRES,11000
2458047,1996,SOUTH CAROLINA,ORANGEBURG,45,075,45075,CORN,ALL CLASSES,PRODUCTION,BU,4293000
2578999,2019,WISCONSIN,OZAUKEE,55,089,55089,CORN,ALL CLASSES,AREA HARVESTED,ACRES,8610
2344529,2016,NORTH CAROLINA,NORTHAMPTON,37,131,37131,SOYBEANS,ALL CLASSES,YIELD,BU / ACRE,35
1668145,1995,LOUISIANA,LA SALLE,22,059,22059,COTTON,UPLAND,AREA PLANTED,ACRES,1100
2152783,1996,MONTANA,BROADWATER,30,007,30007,WHEAT,WINTER,AREA PLANTED,ACRES,8700
2547166,2009,PENNSYLVANIA,SNYDER,42,109,42109,CORN,ALL CLASSES,YIELD,BU / ACRE,129.9
1619444,2013,ALABAMA,LAUDERDALE,01,077,01077,COTTON,UPLAND,AREA HARVESTED,ACRES,11900
2322871,2019,INDIANA,SULLIVAN,18,153,18153,SOYBEANS,ALL CLASSES,YIELD,BU / ACRE,50.4
1784143,1996,IOWA,FLOYD,19,067,19067,SOYBEANS,ALL CLASSES,PRODUCTION,BU,4597000
2190561,1998,KANSAS,PRATT,20,151,20151,WHEAT,WINTER,AREA PLANTED,ACRES,36500
1627006,2005,SOUTH CAROLINA,KERSHAW,45,055,45055,COTTON,UPLAND,AREA HARVESTED,ACRES,500
